名称,slug,类别,问题及证据,读者价值,来源可靠程度,修改范围,数据库更新,优先级,理由,已发布正文保护
殷弘绪（François-Xavier d’Entrecolles）,yin-hong-xu,人物,现有正式稿有主题解释及来源限度；本轮尚无足够证据认定必须重写，逐项外部核验未完成。【景德镇的观察与书信 殷弘绪是法国耶稣会士，法文姓名François-Xavier d’Entrecolles。法国国家图书馆专题介绍，他于1712年从景德镇写信，详细说明瓷器制作与生产组织，后来又有续信。这些材料涉及原料运输、制瓷步骤和专业分工，因而不仅是器物品评，也留下了城市生产生活的观察。 在欧洲的传播 书信进入《耶稣会士书信集》，其内容又为杜赫德1735年中国著述和《百科全书》的瓷器知识所吸收。传播链条包含亲历观察、编纂、翻译和再】,生产/历史语境,已有出处，尚未完成逐论述外部复核,保持已发布正文；核对具体引文定位、对象关联及分类，不作批量改写。,仅审查；保持已发布正文，不授权覆盖,P3,正文/书目可先保留，核引与细节检查优先于扩写,True
东晋—唐：新平镇与昌南镇,eastern-jin-tang,历史,正文为空；标题横跨东晋至唐，summary未解释新平/昌南称谓的出处和年代。【zh.content = 空字符串】,跨区域比较/外围资料,已有出处，尚未完成逐论述外部复核,先核对建置原始记载；准备简要历史说明及年代来源，禁止用标题317年推定事件发生年。,有条件候选；取得直接证据和逐条diff后才请求批准,P0,来源错配、空正文或关键身份/日期证据缺口，先核查可靠性,False
塞夫勒瓷器,sevres-porcelain,窑址,现有正式稿有主题解释及来源限度；本轮尚无足够证据认定必须重写，逐项外部核验未完成。【法国瓷业背景 法国国家图书馆专题把欧洲硬质瓷技术探索与万塞讷—塞夫勒的生产联系起来，并提及化学家Pierre-Joseph Macquer的工作。法国瓷业的发展应放在当地原料研究、制造机构和欧洲消费市场中理解。 中国陶瓷知识的译介 1856年儒莲翻译《景德镇陶录》时，塞夫勒化学家Alphonse Salvétat提供注释。历史文献与当时的化学、制造知识由此发生对话，译本既是理解中国的材料，也反映欧洲读者提出的问题。 工艺图像的收藏 Bn】,生产/历史语境,已有出处，尚未完成逐论述外部复核,保持已发布正文；核对具体引文定位、对象关联及分类，不作批量改写。,仅审查；保持已发布正文，不授权覆盖,P3,正文/书目可先保留，核引与细节检查优先于扩写,True
马基利,markley,人物,正文已明确音译身份资料不足，缺英文姓名是证据限度而非可补空栏。【可核实的记载 景德镇市公路事业发展中心2022年9月23日参观活动报道，转述一位被称为“美国博物馆访华团团长马基利”的访客对陶瓷馆陈列的评价。这则地方报道是该参观记载的可查出处。 资料所能说明的范围 报道将评价用于介绍陶瓷馆如何同时展示历史与当代成果，具有地方博物馆接受史的意义。但它没有提供访客原文姓名、所属博物馆、参观日期或题词原件，不能据中文音译擅自认定其英文身份。 条目定位 现有报道可以说明这则参观评价的流传，但不足以确认访客的完】,生产/历史语境,已有出处，尚未完成逐论述外部复核,保持限制声明，只有访华团原档才能增加身份信息。,仅审查；保持已发布正文，不授权覆盖,P3,正文/书目可先保留，核引与细节检查优先于扩写,True
英国陶瓷,uk-ceramics,窑址,英国陶业概述引用的Met42490实际为元代景德镇青花瓶，无法支持英国骨瓷/工业化。【英国形成从陶器、骨瓷到工业化陶瓷的多条生产路线。 用于观察中国瓷器输入与欧洲工业陶瓷发展之间的关系。】；Met42490对象为元代景德镇青花莲池纹瓶，不能支持本地产区工业史。【https://www.metmuseum.org/art/collection/search/42490】；存在面向知识组织用途的说明，宜转成读者可理解的主题解释；不自动删除比较观点。【 用于观察中国瓷器输入与欧洲工业陶瓷发展之间的关系】,跨区域比较/外围资料,已确认存在错配来源,另找英国生产机构/博物馆资料；保留旧链接及逐论述替换记录。,候选需要单独批准（来源字段优先，未拟SQL）,P0,来源错配、空正文或关键身份/日期证据缺口，先核查可靠性,False
董必武,dong-biwu,人物,正文提供有限人物联系；身份、作品/活动与日期须分别核实，已有来源未完成逐项支持检查。【现代诗人、政治家，1960年初到景德镇时作诗记录瓷都及制瓷艺术。】；正文与摘要完全相同；未超出摘要回答问题。【现代诗人、政治家，1960年初到景德镇时作诗记录瓷都及制瓷艺术。】,生产/历史语境,已有出处，尚未完成逐论述外部复核,核对直接职业/馆方档案，补有依据的重要性；不由题词/到访推定制瓷贡献。,有条件候选；取得直接证据和逐条diff后才请求批准,P2,补主题解释前需直接证据，不以字数为目标,False
嘉靖—万历时期景德镇生产,jiajing-wanli-kiln,历史,只说变化明显，未解释哪种生产变化及相应年代依据。【嘉靖至万历时期景德镇生产组织和产品面貌变化明显。】；正文与摘要完全相同；未超出摘要回答问题。【嘉靖至万历时期景德镇生产组织和产品面貌变化明显。】,生产/历史语境,有共用背景来源，需逐论述定位,依据发掘及馆藏说明选择一两个变化，不把晚明整个时代写成单一断裂。,有条件候选；取得直接证据和逐条diff后才请求批准,P2,补主题解释前需直接证据，不以字数为目标,False
瓷业市场空间,porcelain-market,窑址与城市空间,当前主要说明主题价值或研究用途，读者仍缺具体机制、历史实例与对应证据。【城市市场连接生产者、商人和消费者。】；正文与摘要完全相同；未超出摘要回答问题。【城市市场连接生产者、商人和消费者。】,跨区域比较/外围资料,有共用背景来源，需逐论述定位,选择一个有直接依据的具体例子或概念解释；不补推测年代、因果或贸易路线。,有条件候选；取得直接证据和逐条diff后才请求批准,P2,补主题解释前需直接证据，不以字数为目标,False
启功,qigong,人物,题字断言只引用范文网站，缺题词原件/馆方记录。【书法家，曾为景德镇陶瓷历史博览区题字。】；正文与摘要完全相同；未超出摘要回答问题。【书法家，曾为景德镇陶瓷历史博览区题字。】,生产/历史语境,转述/汇编来源，需原始资料,核对题词文字、地点、日期与原件；不从游客导游词写生平。,有条件候选；取得直接证据和逐条diff后才请求批准,P0,来源错配、空正文或关键身份/日期证据缺口，先核查可靠性,False
雍正青釉花浇,yongzheng-celadon-ewer,器物,当前主要为一两句概述，未提供足够的器形/纹饰观察和对应馆藏号；长短不是判定史实错误的依据。【大都会博物馆藏雍正景德镇窑青釉花浇显示清宫瓷器对外来器形与中国材料传统的结合。】；正文与摘要完全相同；未超出摘要回答问题。【大都会博物馆藏雍正景德镇窑青釉花浇显示清宫瓷器对外来器形与中国材料传统的结合。】；宣称此件器物归属/年代，但共用Met42507（宣德青花高足杯）和BM PDF.560（永乐铜红釉盘），没有提供所命名器物独立对象记录；这不证明器物不存在。【https://www.metmuseum.org/art/collection/search/42507】,具体展品观看入口,具体馆藏对象的证据链未闭合；有共用背景来源，需逐论述定位,先确定此题名是单件器物还是品类；单件据独立对象记录补观看提示，品类据专业研究解释特点。 优先找到此件真实馆藏号与对象页，不以共用两件不同器物支持该件身份。,候选需要单独批准（来源字段优先，未拟SQL）,P0,来源错配、空正文或关键身份/日期证据缺口，先核查可靠性,False
“景德镇手工瓷业遗存”申遗大事记,r24,文献,当前为书目/研究入口；需检查版本、作者、卷期及可读范围，不能因短而自动扩写。【景德镇市人民政府在线资料。 申遗过程官方资料。】,史料追溯入口,已有出处，尚未完成逐论述外部复核,补可核实书目字段与对应研究问题；没有全文不填页码/实验结论。,有条件候选；取得直接证据和逐条diff后才请求批准,P3,正文/书目可先保留，核引与细节检查优先于扩写,False
康熙桃花片釉瓶,kangxi-peachbloom-vase,器物,当前主要为一两句概述，未提供足够的器形/纹饰观察和对应馆藏号；长短不是判定史实错误的依据。【大都会博物馆藏康熙桃花片釉瓶是清代景德镇颜色釉研究的重要实物。】；正文与摘要完全相同；未超出摘要回答问题。【大都会博物馆藏康熙桃花片釉瓶是清代景德镇颜色釉研究的重要实物。】；宣称此件器物归属/年代，但共用Met42507（宣德青花高足杯）和BM PDF.560（永乐铜红釉盘），没有提供所命名器物独立对象记录；这不证明器物不存在。【https://www.metmuseum.org/art/collection/search/42507】,具体展品观看入口,具体馆藏对象的证据链未闭合；有共用背景来源，需逐论述定位,先确定此题名是单件器物还是品类；单件据独立对象记录补观看提示，品类据专业研究解释特点。 优先找到此件真实馆藏号与对象页，不以共用两件不同器物支持该件身份。,候选需要单独批准（来源字段优先，未拟SQL）,P0,来源错配、空正文或关键身份/日期证据缺口，先核查可靠性,False
康熙五彩龙纹盘,kangxi-famille-verte-dragon,器物,当前主要为一两句概述，未提供足够的器形/纹饰观察和对应馆藏号；长短不是判定史实错误的依据。【大都会博物馆藏康熙景德镇窑五彩龙纹盘可用于研究釉上彩与欧洲消费史。】；正文与摘要完全相同；未超出摘要回答问题。【大都会博物馆藏康熙景德镇窑五彩龙纹盘可用于研究釉上彩与欧洲消费史。】；宣称此件器物归属/年代，但共用Met42507（宣德青花高足杯）和BM PDF.560（永乐铜红釉盘），没有提供所命名器物独立对象记录；这不证明器物不存在。【https://www.metmuseum.org/art/collection/search/42507】,具体展品观看入口,具体馆藏对象的证据链未闭合；有共用背景来源，需逐论述定位,先确定此题名是单件器物还是品类；单件据独立对象记录补观看提示，品类据专业研究解释特点。 优先找到此件真实馆藏号与对象页，不以共用两件不同器物支持该件身份。,候选需要单独批准（来源字段优先，未拟SQL）,P0,来源错配、空正文或关键身份/日期证据缺口，先核查可靠性,False
雍正斗彩竹纹杯,yongzheng-doucai-bamboo-cup,器物,当前主要为一两句概述，未提供足够的器形/纹饰观察和对应馆藏号；长短不是判定史实错误的依据。【大都会博物馆藏雍正景德镇窑斗彩竹纹杯提供青花与釉上彩结合的实物证据。】；正文与摘要完全相同；未超出摘要回答问题。【大都会博物馆藏雍正景德镇窑斗彩竹纹杯提供青花与釉上彩结合的实物证据。】；宣称此件器物归属/年代，但共用Met42507（宣德青花高足杯）和BM PDF.560（永乐铜红釉盘），没有提供所命名器物独立对象记录；这不证明器物不存在。【https://www.metmuseum.org/art/collection/search/42507】,具体展品观看入口,具体馆藏对象的证据链未闭合；有共用背景来源，需逐论述定位,先确定此题名是单件器物还是品类；单件据独立对象记录补观看提示，品类据专业研究解释特点。 优先找到此件真实馆藏号与对象页，不以共用两件不同器物支持该件身份。,候选需要单独批准（来源字段优先，未拟SQL）,P0,来源错配、空正文或关键身份/日期证据缺口，先核查可靠性,False
明代景德镇青花山水盘,ming-landscape-dish,器物,当前主要为一两句概述，未提供足够的器形/纹饰观察和对应馆藏号；长短不是判定史实错误的依据。【英国博物馆藏明代景德镇青花山水盘可用于研究晚明山水题材与款识问题。】；正文与摘要完全相同；未超出摘要回答问题。【英国博物馆藏明代景德镇青花山水盘可用于研究晚明山水题材与款识问题。】；宣称此件器物归属/年代，但共用Met42507（宣德青花高足杯）和BM PDF.560（永乐铜红釉盘），没有提供所命名器物独立对象记录；这不证明器物不存在。【https://www.metmuseum.org/art/collection/search/42507】,具体展品观看入口,具体馆藏对象的证据链未闭合；有共用背景来源，需逐论述定位,先确定此题名是单件器物还是品类；单件据独立对象记录补观看提示，品类据专业研究解释特点。 优先找到此件真实馆藏号与对象页，不以共用两件不同器物支持该件身份。,候选需要单独批准（来源字段优先，未拟SQL）,P0,来源错配、空正文或关键身份/日期证据缺口，先核查可靠性,False
明代金襕手风格景德镇器,ming-kinrande-jar,器物,当前主要为一两句概述，未提供足够的器形/纹饰观察和对应馆藏号；长短不是判定史实错误的依据。【英国博物馆与大都会博物馆藏品显示景德镇金襕手类装饰与日本市场之间的联系。】；正文与摘要完全相同；未超出摘要回答问题。【英国博物馆与大都会博物馆藏品显示景德镇金襕手类装饰与日本市场之间的联系。】；宣称此件器物归属/年代，但共用Met42507（宣德青花高足杯）和BM PDF.560（永乐铜红釉盘），没有提供所命名器物独立对象记录；这不证明器物不存在。【https://www.metmuseum.org/art/collection/search/42507】,具体展品观看入口,具体馆藏对象的证据链未闭合；有共用背景来源，需逐论述定位,先确定此题名是单件器物还是品类；单件据独立对象记录补观看提示，品类据专业研究解释特点。 优先找到此件真实馆藏号与对象页，不以共用两件不同器物支持该件身份。,候选需要单独批准（来源字段优先，未拟SQL）,P0,来源错配、空正文或关键身份/日期证据缺口，先核查可靠性,False
嘉靖红地青花方盘,jiajing-red-ground-dish,器物,当前主要为一两句概述，未提供足够的器形/纹饰观察和对应馆藏号；长短不是判定史实错误的依据。【英国博物馆藏嘉靖红地青花方盘记录了景德镇青花与红彩组合及年款。】；正文与摘要完全相同；未超出摘要回答问题。【英国博物馆藏嘉靖红地青花方盘记录了景德镇青花与红彩组合及年款。】；宣称此件器物归属/年代，但共用Met42507（宣德青花高足杯）和BM PDF.560（永乐铜红釉盘），没有提供所命名器物独立对象记录；这不证明器物不存在。【https://www.metmuseum.org/art/collection/search/42507】,具体展品观看入口,具体馆藏对象的证据链未闭合；有共用背景来源，需逐论述定位,先确定此题名是单件器物还是品类；单件据独立对象记录补观看提示，品类据专业研究解释特点。 优先找到此件真实馆藏号与对象页，不以共用两件不同器物支持该件身份。,候选需要单独批准（来源字段优先，未拟SQL）,P0,来源错配、空正文或关键身份/日期证据缺口，先核查可靠性,False
清代青花釉里红桃形壶,qing-peach-shaped-ewer,器物,当前主要为一两句概述，未提供足够的器形/纹饰观察和对应馆藏号；长短不是判定史实错误的依据。【大都会博物馆藏清代景德镇青花釉里红桃形壶展示釉下钴蓝与铜红并用。】；正文与摘要完全相同；未超出摘要回答问题。【大都会博物馆藏清代景德镇青花釉里红桃形壶展示釉下钴蓝与铜红并用。】；宣称此件器物归属/年代，但共用Met42507（宣德青花高足杯）和BM PDF.560（永乐铜红釉盘），没有提供所命名器物独立对象记录；这不证明器物不存在。【https://www.metmuseum.org/art/collection/search/42507】,具体展品观看入口,具体馆藏对象的证据链未闭合；有共用背景来源，需逐论述定位,先确定此题名是单件器物还是品类；单件据独立对象记录补观看提示，品类据专业研究解释特点。 优先找到此件真实馆藏号与对象页，不以共用两件不同器物支持该件身份。,候选需要单独批准（来源字段优先，未拟SQL）,P0,来源错配、空正文或关键身份/日期证据缺口，先核查可靠性,False
康熙郎窑红类瓶,kangxi-oxblood-vase,器物,当前主要为一两句概述，未提供足够的器形/纹饰观察和对应馆藏号；长短不是判定史实错误的依据。【大都会博物馆藏康熙景德镇红釉瓶可作为清代高温红釉研究的实物入口。】；正文与摘要完全相同；未超出摘要回答问题。【大都会博物馆藏康熙景德镇红釉瓶可作为清代高温红釉研究的实物入口。】；宣称此件器物归属/年代，但共用Met42507（宣德青花高足杯）和BM PDF.560（永乐铜红釉盘），没有提供所命名器物独立对象记录；这不证明器物不存在。【https://www.metmuseum.org/art/collection/search/42507】,具体展品观看入口,具体馆藏对象的证据链未闭合；有共用背景来源，需逐论述定位,先确定此题名是单件器物还是品类；单件据独立对象记录补观看提示，品类据专业研究解释特点。 优先找到此件真实馆藏号与对象页，不以共用两件不同器物支持该件身份。,候选需要单独批准（来源字段优先，未拟SQL）,P0,来源错配、空正文或关键身份/日期证据缺口，先核查可靠性,False
丰子恺,feng-zikai,人物,正文提供有限人物联系；身份、作品/活动与日期须分别核实，已有来源未完成逐项支持检查。【现代画家、散文家，参观景德镇后以诗记述当地陶瓷生产景象。】；正文与摘要完全相同；未超出摘要回答问题。【现代画家、散文家，参观景德镇后以诗记述当地陶瓷生产景象。】,生产/历史语境,已有出处，尚未完成逐论述外部复核,核对直接职业/馆方档案，补有依据的重要性；不由题词/到访推定制瓷贡献。,有条件候选；取得直接证据和逐条diff后才请求批准,P2,补主题解释前需直接证据，不以字数为目标,False
钱其琛,qian-qichen,人物,一句话断言2000年观看瓷乐演出并题词，唯一来源持续404；不能由此扩写访问详情。【外交家，2000年观看景德镇瓷乐团演出后题词。】；正文与摘要完全相同；未超出摘要回答问题。【外交家，2000年观看景德镇瓷乐团演出后题词。】,生产/历史语境,已有出处，尚未完成逐论述外部复核,寻找接待档案/官方报道/题词原件；未确认前不拟新史实。,有条件候选；取得直接证据和逐条diff后才请求批准,P0,来源错配、空正文或关键身份/日期证据缺口，先核查可靠性,False
康熙五彩盖罐,kangxi-covered-jar,器物,当前主要为一两句概述，未提供足够的器形/纹饰观察和对应馆藏号；长短不是判定史实错误的依据。【大都会博物馆藏康熙五彩盖罐可用于研究清代景德镇外销与陈设瓷。】；正文与摘要完全相同；未超出摘要回答问题。【大都会博物馆藏康熙五彩盖罐可用于研究清代景德镇外销与陈设瓷。】；宣称此件器物归属/年代，但共用Met42507（宣德青花高足杯）和BM PDF.560（永乐铜红釉盘），没有提供所命名器物独立对象记录；这不证明器物不存在。【https://www.metmuseum.org/art/collection/search/42507】,具体展品观看入口,具体馆藏对象的证据链未闭合；有共用背景来源，需逐论述定位,先确定此题名是单件器物还是品类；单件据独立对象记录补观看提示，品类据专业研究解释特点。 优先找到此件真实馆藏号与对象页，不以共用两件不同器物支持该件身份。,候选需要单独批准（来源字段优先，未拟SQL）,P0,来源错配、空正文或关键身份/日期证据缺口，先核查可靠性,False
康熙五彩人物像,kangxi-famille-verte-figure,器物,当前主要为一两句概述，未提供足够的器形/纹饰观察和对应馆藏号；长短不是判定史实错误的依据。【大都会博物馆藏康熙五彩人物像显示景德镇釉上彩对立体瓷塑的应用。】；正文与摘要完全相同；未超出摘要回答问题。【大都会博物馆藏康熙五彩人物像显示景德镇釉上彩对立体瓷塑的应用。】；宣称此件器物归属/年代，但共用Met42507（宣德青花高足杯）和BM PDF.560（永乐铜红釉盘），没有提供所命名器物独立对象记录；这不证明器物不存在。【https://www.metmuseum.org/art/collection/search/42507】,具体展品观看入口,具体馆藏对象的证据链未闭合；有共用背景来源，需逐论述定位,先确定此题名是单件器物还是品类；单件据独立对象记录补观看提示，品类据专业研究解释特点。 优先找到此件真实馆藏号与对象页，不以共用两件不同器物支持该件身份。,候选需要单独批准（来源字段优先，未拟SQL）,P0,来源错配、空正文或关键身份/日期证据缺口，先核查可靠性,False
嘉靖至万历金襕手执壶,jiajing-kinrande-ewer,器物,当前主要为一两句概述，未提供足够的器形/纹饰观察和对应馆藏号；长短不是判定史实错误的依据。【英国博物馆藏嘉靖至万历景德镇金襕手执壶记录了红、绿彩与金彩的组合工艺。】；正文与摘要完全相同；未超出摘要回答问题。【英国博物馆藏嘉靖至万历景德镇金襕手执壶记录了红、绿彩与金彩的组合工艺。】；宣称此件器物归属/年代，但共用Met42507（宣德青花高足杯）和BM PDF.560（永乐铜红釉盘），没有提供所命名器物独立对象记录；这不证明器物不存在。【https://www.metmuseum.org/art/collection/search/42507】,具体展品观看入口,具体馆藏对象的证据链未闭合；有共用背景来源，需逐论述定位,先确定此题名是单件器物还是品类；单件据独立对象记录补观看提示，品类据专业研究解释特点。 优先找到此件真实馆藏号与对象页，不以共用两件不同器物支持该件身份。,候选需要单独批准（来源字段优先，未拟SQL）,P0,来源错配、空正文或关键身份/日期证据缺口，先核查可靠性,False
金襕手与日本市场,kinrande-export,东亚,只说面向日本的装饰类型，缺金襕手特征和对应实物。【金襕手是景德镇面向日本市场生产的代表性装饰类型之一。】；正文与摘要完全相同；未超出摘要回答问题。【金襕手是景德镇面向日本市场生产的代表性装饰类型之一。】,生产/历史语境,有共用背景来源，需逐论述定位,核对BM金彩对象与日本使用背景；市场不等于每件定制订单。,有条件候选；取得直接证据和逐条diff后才请求批准,P2,补主题解释前需直接证据，不以字数为目标,False
张光年,zhang-guangnian,人物,正文提供有限人物联系；身份、作品/活动与日期须分别核实，已有来源未完成逐项支持检查。【现代诗人、文学家，曾以《瓷都感事》咏景德镇陶瓷艺术。】；正文与摘要完全相同；未超出摘要回答问题。【现代诗人、文学家，曾以《瓷都感事》咏景德镇陶瓷艺术。】,生产/历史语境,已有出处，尚未完成逐论述外部复核,核对直接职业/馆方档案，补有依据的重要性；不由题词/到访推定制瓷贡献。,有条件候选；取得直接证据和逐条diff后才请求批准,P2,补主题解释前需直接证据，不以字数为目标,False
青花瓷的全球仿制,chinese-bluewhite-global-copy,全球,现有正式稿有主题解释及来源限度；本轮尚无足够证据认定必须重写，逐项外部核验未完成。【器物先于技术知识流通 中国瓷器通过贸易进入欧洲之后，当地生产者长期尝试复制其效果。法国国家图书馆的概述显示，进口、收藏和仿制愿望远早于欧洲硬质瓷实验成功。因此，看到中国瓷器与掌握其配方、烧造方法之间存在距离。 双向的形制变化 Met外销瓷专题说明，欧洲杯、壶、烛台等式样也作为样本传到中国作坊。模仿并非总由欧洲单向学习中国：景德镇产品可以吸收欧洲用途，欧洲装饰又会选择性解释中国图案。 比较应包含材料 蓝白配色可出现于不同胎、釉和烧成体系。】,生产/历史语境,已有出处，尚未完成逐论述外部复核,保持已发布正文；核对具体引文定位、对象关联及分类，不作批量改写。,仅审查；保持已发布正文，不授权覆盖,P3,正文/书目可先保留，核引与细节检查优先于扩写,True
Henry Wadsworth Longfellow（亨利·沃兹沃思·朗费罗）,longfellow,人物,现有正式稿有主题解释及来源限度；本轮尚无足够证据认定必须重写，逐项外部核验未完成。【诗中的景德镇 《Keramos》以陶轮和泥土贯串不同地域的陶瓷景象。诗中使用King-te-tching指景德镇，将窑火、烟气与运往世界市场的瓷器并置，并以叶片的色彩和流动比喻瓷器的装饰与传播。 文学表达与历史资料 这段文字可以研究十九世纪英语文学如何想象中国制瓷城市，却不是景德镇生产现场的调查报告。诗里的窑炉数量属于文学叙述，不能直接作为当时统计。诗作的创作年代、文学描写中的时间背景和实际窑业状况，应分别考察。 跨地域构图 诗随后转向】,生产/历史语境,已有出处，尚未完成逐论述外部复核,保持已发布正文；核对具体引文定位、对象关联及分类，不作批量改写。,仅审查；保持已发布正文，不授权覆盖,P3,正文/书目可先保留，核引与细节检查优先于扩写,True
Josiah Wedgwood（约西亚·韦奇伍德）,josiah-wedgwood,人物,出版商书籍页面不是具体摘录证据，尚无对应页码或原手稿。【英国陶艺家与陶瓷制造者，曾研究并摘录欧洲关于景德镇制瓷的资料。】；正文与摘要完全相同；未超出摘要回答问题。【英国陶艺家与陶瓷制造者，曾研究并摘录欧洲关于景德镇制瓷的资料。】,生产/历史语境,已有出处，尚未完成逐论述外部复核,只核实阅读/摘录的直接出处，区分工厂实验与中国书信影响。,有条件候选；取得直接证据和逐条diff后才请求批准,P2,补主题解释前需直接证据，不以字数为目标,False
Frank B. Lentz,frank-b-lentz,人物,作者与1920年实地观察仅由旧刊转载入口支持，入口503；未确认原刊署名与卷期。【20世纪美国记者与地理作家，1920年发表关于景德镇的实地观察。】；正文与摘要完全相同；未超出摘要回答问题。【20世纪美国记者与地理作家，1920年发表关于景德镇的实地观察。】,生产/历史语境,已有出处，尚未完成逐论述外部复核,查原刊扫描页/目录，保留转载版本信息；不要由转载名自动确认记者身份。,有条件候选；取得直接证据和逐条diff后才请求批准,P2,补主题解释前需直接证据，不以字数为目标,False
克拉克瓷,kraak-porcelain,器物,现有正式稿有主题解释及来源限度；本轮尚无足够证据认定必须重写，逐项外部核验未完成。【装饰与贸易 V&A将克拉克瓷列为早期欧洲瓷器贸易的标志性产品之一，突出其中央装饰与交替分区边饰。分区组织使盘面具有清晰的观看秩序，也成为比较外销产品的重要特征。 馆藏实例 该馆藏景德镇盘C.230-1926，年代1573—1620年，提供明代晚期产品的具体参照。器物的产地、年代和馆藏号应与这件盘相对应，不能移用于所有同类器。 如何界定 “克拉克瓷”是研究与收藏中使用的类型名称，不等于所有明代外销青花。讨论市场时需要综合装饰、器形、生产地】,生产/历史语境,有共用背景来源，需逐论述定位,保持已发布正文；核对具体引文定位、对象关联及分类，不作批量改写。,仅审查；保持已发布正文，不授权覆盖,P3,正文/书目可先保留，核引与细节检查优先于扩写,True
沈怀清,shen-huaiqing,人物,正文提供有限人物联系；身份、作品/活动与日期须分别核实，已有来源未完成逐项支持检查。【清代景德镇地方文献作者，以《窑民行》记录陶业、工匠和城市商业。】；正文与摘要完全相同；未超出摘要回答问题。【清代景德镇地方文献作者，以《窑民行》记录陶业、工匠和城市商业。】,生产/历史语境,已有出处，尚未完成逐论述外部复核,核对直接职业/馆方档案，补有依据的重要性；不由题词/到访推定制瓷贡献。,有条件候选；取得直接证据和逐条diff后才请求批准,P2,补主题解释前需直接证据，不以字数为目标,False
王泽洪,wang-zehong,人物,正文提供有限人物联系；身份、作品/活动与日期须分别核实，已有来源未完成逐项支持检查。【清代地方文献作者，记述景德镇陶业与商业中心地位。】；正文与摘要完全相同；未超出摘要回答问题。【清代地方文献作者，记述景德镇陶业与商业中心地位。】,生产/历史语境,已有出处，尚未完成逐论述外部复核,核对直接职业/馆方档案，补有依据的重要性；不由题词/到访推定制瓷贡献。,有条件候选；取得直接证据和逐条diff后才请求批准,P2,补主题解释前需直接证据，不以字数为目标,False
杜重远,du-chongyuan,人物,正文提供有限人物联系；身份、作品/活动与日期须分别核实，已有来源未完成逐项支持检查。【近代实业家，1930年代主持江西陶业事务时调查景德镇瓷业。】；正文与摘要完全相同；未超出摘要回答问题。【近代实业家，1930年代主持江西陶业事务时调查景德镇瓷业。】,生产/历史语境,已有出处，尚未完成逐论述外部复核,核对直接职业/馆方档案，补有依据的重要性；不由题词/到访推定制瓷贡献。,有条件候选；取得直接证据和逐条diff后才请求批准,P2,补主题解释前需直接证据，不以字数为目标,False
三上次男,mikami-tsugio,人物,多次访问及题词只列Sohu转述，未给访问档案/研究著作具体页。【日本古陶瓷研究者，多次访问景德镇并留下题词。】；正文与摘要完全相同；未超出摘要回答问题。【日本古陶瓷研究者，多次访问景德镇并留下题词。】,生产/历史语境,转述/汇编来源，需原始资料,查展馆接待记录、访谈及研究著作；区分研究者身份和此地访问。,有条件候选；取得直接证据和逐条diff后才请求批准,P2,补主题解释前需直接证据，不以字数为目标,False
舒同,shu-tong,人物,题字资料来自范文网站，无法作为署名与访问时间的充分依据。【书法家，曾为景德镇古窑及相关文化设施题字。】；正文与摘要完全相同；未超出摘要回答问题。【书法家，曾为景德镇古窑及相关文化设施题字。】,生产/历史语境,转述/汇编来源，需原始资料,查馆方题词照片/接待档案，暂不扩大叙述。,有条件候选；取得直接证据和逐条diff后才请求批准,P0,来源错配、空正文或关键身份/日期证据缺口，先核查可靠性,False
王士性,wang-shixing,人物,现有正式稿有主题解释及来源限度；本轮尚无足够证据认定必须重写，逐项外部核验未完成。【文献中的陶瓷品评 故宫研究者孙悦在2021年论文中引用《广志绎》卷四：王士性分别推重宣德青花与成化彩瓷，并把色料、用色和画意作为比较角度。这类评论表明，晚明鉴赏者已经将不同朝代的窑器组织为可讨论的品第。 史料价值 这些文字能够说明后人怎样评价较早瓷器，以及青花与彩绘在鉴赏中的不同位置。它们也影响后来收藏叙述，但属于特定时代的审美判断，不是器物质量的现代统一评分。 使用界限 所引文字见故宫论文核引的《广志绎》段落，引用范围不涉及全书校勘。】,跨区域比较/外围资料,已有出处，尚未完成逐论述外部复核,保持已发布正文；核对具体引文定位、对象关联及分类，不作批量改写。,仅审查；保持已发布正文，不授权覆盖,P3,正文/书目可先保留，核引与细节检查优先于扩写,True
宋加洛窑·Si Satchanalai,sawankhalok,窑址,现有概述未清楚区分单一遗址、产区或区域陶瓷传统；景德镇联系与当地生产史须分证。【宋加洛（Si Satchanalai）是泰国历史上重要的陶瓷生产和出口中心。其窑业遗址与素可泰王国历史城市体系相连，保存了窑炉、宗教建筑、城市设施和贸易活动等多方面的考古遗存。 窑业与贸易 宋加洛陶器的生产与区域贸易网络密切相关。大都会艺术博物馆收藏的14至16世纪宋加洛陶器，可以作为研究当地器物类型和生产传统的实物材料。 与景德镇的关系 宋加洛并不是景德镇的分支窑口，而是研究亚洲陶瓷生产和海上贸易网络时可以比较的另一生产中心。两地可以】,生产/历史语境,已有出处，尚未完成逐论述外部复核,依遗址/馆方研究解释生产与比较角度，不从纹样相似推直接技术传播。,有条件候选；取得直接证据和逐条diff后才请求批准,P3,正文/书目可先保留，核引与细节检查优先于扩写,False
康熙五彩盖执壶,kangxi-covered-ewer,器物,当前主要为一两句概述，未提供足够的器形/纹饰观察和对应馆藏号；长短不是判定史实错误的依据。【大都会博物馆藏康熙五彩盖执壶是复杂器形与釉上彩装饰的案例。】；正文与摘要完全相同；未超出摘要回答问题。【大都会博物馆藏康熙五彩盖执壶是复杂器形与釉上彩装饰的案例。】；宣称此件器物归属/年代，但共用Met42507（宣德青花高足杯）和BM PDF.560（永乐铜红釉盘），没有提供所命名器物独立对象记录；这不证明器物不存在。【https://www.metmuseum.org/art/collection/search/42507】,具体展品观看入口,具体馆藏对象的证据链未闭合；有共用背景来源，需逐论述定位,先确定此题名是单件器物还是品类；单件据独立对象记录补观看提示，品类据专业研究解释特点。 优先找到此件真实馆藏号与对象页，不以共用两件不同器物支持该件身份。,候选需要单独批准（来源字段优先，未拟SQL）,P0,来源错配、空正文或关键身份/日期证据缺口，先核查可靠性,False
景德镇仿龙泉传统,longquan-imitation-jingdezhen,器物,当前主要为一两句概述，未提供足够的器形/纹饰观察和对应馆藏号；长短不是判定史实错误的依据。【景德镇仿古体系涉及龙泉等名窑传统。】；正文与摘要完全相同；未超出摘要回答问题。【景德镇仿古体系涉及龙泉等名窑传统。】,生产/历史语境,有共用背景来源，需逐论述定位,先确定此题名是单件器物还是品类；单件据独立对象记录补观看提示，品类据专业研究解释特点。,有条件候选；取得直接证据和逐条diff后才请求批准,P2,补主题解释前需直接证据，不以字数为目标,False
柴窑与燃料系统,wood-fired-kiln,工艺,只说燃料相关，没有柴窑结构/装烧特点；不能与燃料供应条目等同。【景德镇传统瓷业与木柴燃料供应密切相关。】；正文与摘要完全相同；未超出摘要回答问题。【景德镇传统瓷业与木柴燃料供应密切相关。】,生产/历史语境,有共用背景来源，需逐论述定位,先说明窑炉与燃料系统区别，所选窑型据专业来源，不编统一炉温。,有条件候选；取得直接证据和逐条diff后才请求批准,P1,核心理解/对象观察或背景来源范围需要改善,False
王震,wang-zhen,人物,只有“曾题词”且引用知识汇编网站，无原始题词记录。【曾为景德镇国际陶瓷节题词。】；正文与摘要完全相同；未超出摘要回答问题。【曾为景德镇国际陶瓷节题词。】,生产/历史语境,转述/汇编来源，需原始资料,先补活动档案或题词原件，不编造年份。,有条件候选；取得直接证据和逐条diff后才请求批准,P2,补主题解释前需直接证据，不以字数为目标,False
薄一波,bo-yibo,人物,正文提供有限人物联系；身份、作品/活动与日期须分别核实，已有来源未完成逐项支持检查。【曾为景德镇龙珠阁及陶瓷节相关活动题词。】；正文与摘要完全相同；未超出摘要回答问题。【曾为景德镇龙珠阁及陶瓷节相关活动题词。】,生产/历史语境,已有出处，尚未完成逐论述外部复核,核对直接职业/馆方档案，补有依据的重要性；不由题词/到访推定制瓷贡献。,有条件候选；取得直接证据和逐条diff后才请求批准,P2,补主题解释前需直接证据，不以字数为目标,False
文震亨,wen-zhenheng,人物,现有正式稿有主题解释及来源限度；本轮尚无足够证据认定必须重写，逐项外部核验未完成。【器物与生活秩序 《长物志》讨论器具选择及其审美，瓷器因而不是脱离用途的孤立收藏品。故宫关于永宣官窑的研究引用卷七“器具”相关内容，指出文震亨承认永乐瓷器的经济价值。 与景德镇的联系 永乐、宣德等景德镇产品进入晚明文人的品评范围，说明较早宫廷器物在后来的鉴赏体系中继续获得意义。这里的联系是使用与收藏史，不等同于作者参与景德镇生产。 怎样理解评价 文人对器物高下、适用场合和价格的判断具有时代及社会背景。研究时应核对具体篇目和版本，并将鉴赏偏】,生产/历史语境,已有出处，尚未完成逐论述外部复核,保持已发布正文；核对具体引文定位、对象关联及分类，不作批量改写。,仅审查；保持已发布正文，不授权覆盖,P3,正文/书目可先保留，核引与细节检查优先于扩写,True
欧洲瓷器,europe-porcelain,窑址,Met42490与欧洲本土生产概述错配；其他UNESCO/Smithsonian来源需按消费史与制造史分拆。【中国瓷器进入欧洲后，收藏、仿制与本土硬质瓷工业逐步形成。 用于展示景德镇瓷器在欧洲消费、模仿和工业化中的影响。 全球传播证据链 UNESCO指出，16世纪以后景德镇形成连接生产中心、原料和燃料产区以及贸易网络的复杂产业结构，并通过青花、釉上彩和其他产品把技术、艺术与商品传播到世界。Smithsonian的研究也把景德镇放在全球陶瓷贸易史中，强调16世纪欧洲市场扩张以及后来欧洲仿制瓷业形成后的持续影响。 欧洲瓷器的研究重点因此不应只是“欧】；Met42490对象为元代景德镇青花莲池纹瓶，不能支持本地产区工业史。【https://www.metmuseum.org/art/collection/search/42490】；存在面向知识组织用途的说明，宜转成读者可理解的主题解释；不自动删除比较观点。【 用于展示景德镇瓷器在欧洲消费、模仿和工业化中的影响】,生产/历史语境,已确认存在错配来源；有共用背景来源，需逐论述定位,仅修正错配来源与对应段落，不能以中国出口器物证明欧洲技术形成。,候选需要单独批准（来源字段优先，未拟SQL）,P0,来源错配、空正文或关键身份/日期证据缺口，先核查可靠性,False
唐英,tang-ying,人物,正文有1682—1756及管理者/作者区分，不能因meta字段缺失说人物年代未知。【唐英（1682—1756）是清代景德镇御窑管理和陶瓷技术史中的重要人物。故宫博物院资料记载，他自雍正六年起驻景德镇御窑厂任协理官，后来兼理窑务，长期参与御窑管理和制瓷工艺研究。 御窑管理与技术实践 唐英所处的雍正、乾隆时期，是清代景德镇御窑生产制度和技术管理的重要阶段。他在景德镇期间深入接触陶工，并参与对制瓷技术和生产活动的记录与整理。 文献 与唐英相关的《陶成纪事》《陶冶图说》《陶人心语》等文献，为研究清代御窑生产组织、器物分类和工艺】,核心入门入口,已有出处，尚未完成逐论述外部复核,保留正文与已发布metadata；核对文献入口，不把管理背景升级为亲手制作。,有条件候选；取得直接证据和逐条diff后才请求批准,P3,正文/书目可先保留，核引与细节检查优先于扩写,False
宣德青花应龙纹高足杯,xuande-stemcup,器物,当前主要为一两句概述，未提供足够的器形/纹饰观察和对应馆藏号；长短不是判定史实错误的依据。【大都会博物馆藏宣德景德镇窑青花应龙纹高足杯，是明代早期宫廷青花研究的直接实物证据。】；正文与摘要完全相同；未超出摘要回答问题。【大都会博物馆藏宣德景德镇窑青花应龙纹高足杯，是明代早期宫廷青花研究的直接实物证据。】,具体展品观看入口,有共用背景来源，需逐论述定位,先确定此题名是单件器物还是品类；单件据独立对象记录补观看提示，品类据专业研究解释特点。,有条件候选；取得直接证据和逐条diff后才请求批准,P2,补主题解释前需直接证据，不以字数为目标,False
宣德青花龙纹盘,xuande-dragon-dish,器物,当前主要为一两句概述，未提供足够的器形/纹饰观察和对应馆藏号；长短不是判定史实错误的依据。【宣德景德镇青花龙纹盘可用于研究明代早期青花纹样和宫廷生产。】；正文与摘要完全相同；未超出摘要回答问题。【宣德景德镇青花龙纹盘可用于研究明代早期青花纹样和宫廷生产。】；宣称此件器物归属/年代，但共用Met42507（宣德青花高足杯）和BM PDF.560（永乐铜红釉盘），没有提供所命名器物独立对象记录；这不证明器物不存在。【https://www.metmuseum.org/art/collection/search/42507】,具体展品观看入口,具体馆藏对象的证据链未闭合；有共用背景来源，需逐论述定位,先确定此题名是单件器物还是品类；单件据独立对象记录补观看提示，品类据专业研究解释特点。 优先找到此件真实馆藏号与对象页，不以共用两件不同器物支持该件身份。,候选需要单独批准（来源字段优先，未拟SQL）,P0,来源错配、空正文或关键身份/日期证据缺口，先核查可靠性,False
R. L. Hobson（罗伯特·洛克哈特·霍布森）,rl-hobson,人物,正文提供有限人物联系；身份、作品/活动与日期须分别核实，已有来源未完成逐项支持检查。【英国陶瓷史学者。其《中国陶器与瓷器》记录了20世纪初景德镇的城市与窑业景象。】；正文与摘要完全相同；未超出摘要回答问题。【英国陶瓷史学者。其《中国陶器与瓷器》记录了20世纪初景德镇的城市与窑业景象。】,生产/历史语境,已有出处，尚未完成逐论述外部复核,核对直接职业/馆方档案，补有依据的重要性；不由题词/到访推定制瓷贡献。,有条件候选；取得直接证据和逐条diff后才请求批准,P2,补主题解释前需直接证据，不以字数为目标,False
景德镇仿汝釉,ru-type-imitation,器物,当前主要为一两句概述，未提供足够的器形/纹饰观察和对应馆藏号；长短不是判定史实错误的依据。【景德镇仿古生产涉及汝窑传统，需以具体器物和文献判断仿制关系。】；正文与摘要完全相同；未超出摘要回答问题。【景德镇仿古生产涉及汝窑传统，需以具体器物和文献判断仿制关系。】,生产/历史语境,有共用背景来源，需逐论述定位,先确定此题名是单件器物还是品类；单件据独立对象记录补观看提示，品类据专业研究解释特点。,有条件候选；取得直接证据和逐条diff后才请求批准,P2,补主题解释前需直接证据，不以字数为目标,False
沈德符,shen-defu,人物,现有正式稿有主题解释及来源限度；本轮尚无足够证据认定必须重写，逐项外部核验未完成。【宣窑与成窑的品评 孙悦关于永宣官窑的研究引用《敝帚轩剩语·瓷器》，其中比较宣窑和成窑在当时的受重视程度，并谈到嘉靖器物对前代产品的模仿。文字中的“近来”或品第，反映作者所处时段的收藏趣味。 与生产史的关系 鉴赏者对旧器的推崇，可与后来御窑仿古生产对照，但不能仅由品评文字推算烧造规模、原料配方或市场成交价格。生产制度需要文献、档案和遗址材料共同支持。 阅读范围 相关文字见故宫论文核引的段落。“古今之冠”等评论体现沈德符所处时代的鉴赏趣味，】,跨区域比较/外围资料,已有出处，尚未完成逐论述外部复核,保持已发布正文；核对具体引文定位、对象关联及分类，不作批量改写。,仅审查；保持已发布正文，不授权覆盖,P3,正文/书目可先保留，核引与细节检查优先于扩写,True
宣德青花石榴缠枝莲纹菊瓣碗,xuande-pomegranate-bowl,器物,当前主要为一两句概述，未提供足够的器形/纹饰观察和对应馆藏号；长短不是判定史实错误的依据。【大都会博物馆藏宣德景德镇窑青花石榴缠枝莲纹菊瓣碗提供了宫廷图式的实物案例。】；正文与摘要完全相同；未超出摘要回答问题。【大都会博物馆藏宣德景德镇窑青花石榴缠枝莲纹菊瓣碗提供了宫廷图式的实物案例。】；宣称此件器物归属/年代，但共用Met42507（宣德青花高足杯）和BM PDF.560（永乐铜红釉盘），没有提供所命名器物独立对象记录；这不证明器物不存在。【https://www.metmuseum.org/art/collection/search/42507】,具体展品观看入口,具体馆藏对象的证据链未闭合；有共用背景来源，需逐论述定位,先确定此题名是单件器物还是品类；单件据独立对象记录补观看提示，品类据专业研究解释特点。 优先找到此件真实馆藏号与对象页，不以共用两件不同器物支持该件身份。,候选需要单独批准（来源字段优先，未拟SQL）,P0,来源错配、空正文或关键身份/日期证据缺口，先核查可靠性,False
雍正御窑瓷,yongzheng-imperial-porcelain,器物,当前主要为一两句概述，未提供足够的器形/纹饰观察和对应馆藏号；长短不是判定史实错误的依据。【雍正时期景德镇御窑器物体现宫廷审美、技术控制与外来形式吸收。】；正文与摘要完全相同；未超出摘要回答问题。【雍正时期景德镇御窑器物体现宫廷审美、技术控制与外来形式吸收。】,生产/历史语境,有共用背景来源，需逐论述定位,先确定此题名是单件器物还是品类；单件据独立对象记录补观看提示，品类据专业研究解释特点。,有条件候选；取得直接证据和逐条diff后才请求批准,P2,补主题解释前需直接证据，不以字数为目标,False
青花钴料,blue-white-cobalt,工艺,一句话同时讲呈色和元明发展，未解释钴料与蓝色的关系及产源判断边界。【青花使用钴料进行釉下装饰，景德镇在元明时期形成成熟生产体系。】；正文与摘要完全相同；未超出摘要回答问题。【青花使用钴料进行釉下装饰，景德镇在元明时期形成成熟生产体系。】,生产/历史语境,已检查特定来源相关段落；详见来源核查，不等于全文事实已核验；有共用背景来源，需逐论述定位,优先引用故宫名词释义/V&A；材料产地与使用年代需独立论文，不给统一配方。,有条件候选；取得直接证据和逐条diff后才请求批准,P1,核心理解/对象观察或背景来源范围需要改善,False
伊兹尼克陶器,iznik-ceramics,窑址,现有概述未清楚区分单一遗址、产区或区域陶瓷传统；景德镇联系与当地生产史须分证。【伊兹尼克陶器是奥斯曼时期重要的陶器传统之一。伊兹尼克位于今土耳其，其早期蓝白装饰受到中国青花瓷影响，随后发展出蓝、绿、红、黑等具有自身特色的彩绘体系。 装饰与发展 部分伊兹尼克器物采用明代中国青花的构图或纹样，同时结合奥斯曼时期自身的花卉、植物和色彩语言。这种转化体现了中国瓷器作为输入品进入奥斯曼社会后产生的视觉影响。 与景德镇的关系 景德镇与伊兹尼克之间的重要联系首先体现在中国瓷器样式的传播和再创造。博物馆资料能够支持部分伊兹尼克器物】,生产/历史语境,已有出处，尚未完成逐论述外部复核,依遗址/馆方研究解释生产与比较角度，不从纹样相似推直接技术传播。,有条件候选；取得直接证据和逐条diff后才请求批准,P3,正文/书目可先保留，核引与细节检查优先于扩写,False
濑户窑,seto-kiln,窑址,现有概述未清楚区分单一遗址、产区或区域陶瓷传统；景德镇联系与当地生产史须分证。【濑户窑是日本中世重要的陶瓷生产中心。古濑户时期的生产吸收了中国南宋陶瓷和高丽青瓷的一些器形与釉色因素，并在日本形成了具有自身特点的釉陶传统。 生产与器物 濑户窑在日本中世陶瓷生产中具有重要地位，其产品在日本国内具有广泛分布和多种社会用途。中国和朝鲜半岛陶瓷既是技术与样式参照，也在日本消费环境中发生了本土化转化。 与景德镇的关系 濑户窑与景德镇可以作为东亚陶瓷知识跨区域传播和再创造的比较案例。两者之间的关系需要区分中国样式输入、日本本土工】,生产/历史语境,已有出处，尚未完成逐论述外部复核,依遗址/馆方研究解释生产与比较角度，不从纹样相似推直接技术传播。,有条件候选；取得直接证据和逐条diff后才请求批准,P3,正文/书目可先保留，核引与细节检查优先于扩写,False
瓷器生产标准化,porcelain-standardization,工艺,只说稳定大规模生产，读者不知道标准化具体指什么。【专业化与标准化使景德镇能够持续生产数量庞大且质量稳定的瓷器。】；正文与摘要完全相同；未超出摘要回答问题。【专业化与标准化使景德镇能够持续生产数量庞大且质量稳定的瓷器。】,生产/历史语境,有共用背景来源，需逐论述定位,引用UNESCO生产组织描述，区分规模、分工和质量判断；不补统计产量。,有条件候选；取得直接证据和逐条diff后才请求批准,P1,核心理解/对象观察或背景来源范围需要改善,False
昌江与景德镇瓷业,chang-river,窑址与城市空间,当前主要说明主题价值或研究用途，读者仍缺具体机制、历史实例与对应证据。【昌江及其历史河段承担生产、运输和城市空间联系。】；正文与摘要完全相同；未超出摘要回答问题。【昌江及其历史河段承担生产、运输和城市空间联系。】,生产/历史语境,有共用背景来源，需逐论述定位,选择一个有直接依据的具体例子或概念解释；不补推测年代、因果或贸易路线。,有条件候选；取得直接证据和逐条diff后才请求批准,P2,补主题解释前需直接证据，不以字数为目标,False
景德镇仿钧釉,jun-glaze-jingdezhen,器物,当前主要为一两句概述，未提供足够的器形/纹饰观察和对应馆藏号；长短不是判定史实错误的依据。【仿钧釉可作为景德镇仿古颜色釉研究入口。】；正文与摘要完全相同；未超出摘要回答问题。【仿钧釉可作为景德镇仿古颜色釉研究入口。】,生产/历史语境,有共用背景来源，需逐论述定位,先确定此题名是单件器物还是品类；单件据独立对象记录补观看提示，品类据专业研究解释特点。,有条件候选；取得直接证据和逐条diff后才请求批准,P2,补主题解释前需直接证据，不以字数为目标,False
古染付,kosometsuke,东亚,只列日本茶道类型，缺时代、器形和命名语境。【古染付是日本茶道语境中的中国青花器物类型。】；正文与摘要完全相同；未超出摘要回答问题。【古染付是日本茶道语境中的中国青花器物类型。】,跨区域比较/外围资料,有共用背景来源，需逐论述定位,找具体古染付馆藏及茶道研究，不仅用普通外销综述。,有条件候选；取得直接证据和逐条diff后才请求批准,P2,补主题解释前需直接证据，不以字数为目标,False
御窑落选瓷片,imperial-porcelain-debris,全球,考古材料归“全球”；正文已妥当区分废品、破碎和集中处置。【从成品之外理解御窑 御窑遗址中的大量残片使研究者能够比较同类器物的不同形制、装饰和烧成表现。部分材料与产品筛选或废弃处置有关，揭示宫廷需求如何进入生产控制，也补充了传世完整器无法保存的生产信息。 不能一概而论 烧造破损、生产废品、使用后破碎和集中打碎处置是不同过程。确定某组瓷片是否属于落选品，需要结合堆积关系、破损特征、拼合和相关制度资料，不能仅凭“出自御窑”便把所有残片都称为故意打碎的贡瓷。 资料来源 北京大学：景德镇明清御窑厂遗址】,生产/历史语境,已有出处，尚未完成逐论述外部复核,只查分类与关系，避免把所有瓷片变成故意打碎的贡瓷。,仅审查；保持已发布正文，不授权覆盖,P3,正文/书目可先保留，核引与细节检查优先于扩写,True
龙窑,dragon-kiln,工艺,仅作区域比较，没有说明结构与工作特点。【龙窑是中国传统窑炉类型之一，可用于比较景德镇窑炉演变与区域窑业技术。】；正文与摘要完全相同；未超出摘要回答问题。【龙窑是中国传统窑炉类型之一，可用于比较景德镇窑炉演变与区域窑业技术。】；存在面向知识组织用途的说明，宜转成读者可理解的主题解释；不自动删除比较观点。【龙窑是中国传统窑炉类型之一，可用于比较景德镇窑炉演变与区域窑业技术】,生产/历史语境,有共用背景来源，需逐论述定位,需专业窑炉/遗址资料，区分龙窑传统与景德镇具体时期的窑炉证据。,有条件候选；取得直接证据和逐条diff后才请求批准,P2,补主题解释前需直接证据，不以字数为目标,False
宣德铜红釉碗,xuande-copper-red-bowl,器物,当前主要为一两句概述，未提供足够的器形/纹饰观察和对应馆藏号；长短不是判定史实错误的依据。【英国博物馆藏宣德铜红釉碗可用于研究高温铜红釉与明代御窑款识。】；正文与摘要完全相同；未超出摘要回答问题。【英国博物馆藏宣德铜红釉碗可用于研究高温铜红釉与明代御窑款识。】；宣称此件器物归属/年代，但共用Met42507（宣德青花高足杯）和BM PDF.560（永乐铜红釉盘），没有提供所命名器物独立对象记录；这不证明器物不存在。【https://www.metmuseum.org/art/collection/search/42507】,具体展品观看入口,具体馆藏对象的证据链未闭合；有共用背景来源，需逐论述定位,先确定此题名是单件器物还是品类；单件据独立对象记录补观看提示，品类据专业研究解释特点。 优先找到此件真实馆藏号与对象页，不以共用两件不同器物支持该件身份。,候选需要单独批准（来源字段优先，未拟SQL）,P0,来源错配、空正文或关键身份/日期证据缺口，先核查可靠性,False
元代大型青花,yuan-large-bluewhite,器物,当前主要为一两句概述，未提供足够的器形/纹饰观察和对应馆藏号；长短不是判定史实错误的依据。【元代大型青花器物显示景德镇青花技术和器型体系的重要发展。】；正文与摘要完全相同；未超出摘要回答问题。【元代大型青花器物显示景德镇青花技术和器型体系的重要发展。】,生产/历史语境,有共用背景来源，需逐论述定位,先确定此题名是单件器物还是品类；单件据独立对象记录补观看提示，品类据专业研究解释特点。,有条件候选；取得直接证据和逐条diff后才请求批准,P2,补主题解释前需直接证据，不以字数为目标,False
康熙时期外销瓷,kangxi-export-porcelain,历史,当前主要说明主题价值或研究用途，读者仍缺具体机制、历史实例与对应证据。【康熙时期景德镇瓷器大量进入海外市场。】；正文与摘要完全相同；未超出摘要回答问题。【康熙时期景德镇瓷器大量进入海外市场。】,生产/历史语境,有共用背景来源，需逐论述定位,选择一个有直接依据的具体例子或概念解释；不补推测年代、因果或贸易路线。,有条件候选；取得直接证据和逐条diff后才请求批准,P2,补主题解释前需直接证据，不以字数为目标,False
窑业组织,kiln-guilds,历史,仅说研究入口，未解释窑户/工匠/作坊的组织差别。【窑户、工匠和作坊之间的组织关系，是理解景德镇规模化手工业的重要研究入口。】；正文与摘要完全相同；未超出摘要回答问题。【窑户、工匠和作坊之间的组织关系，是理解景德镇规模化手工业的重要研究入口。】,生产/历史语境,有共用背景来源，需逐论述定位,核对地方行业史材料，建立概念解释；不将所有行业组织都称为同一种行会。,有条件候选；取得直接证据和逐条diff后才请求批准,P2,补主题解释前需直接证据，不以字数为目标,False
陶工与工匠,ceramic-workers,人物,内容已解释分工与作者归属，但对象是工匠群体，人物目录呈现应区别个人。【陶工与工匠是景德镇制瓷生产的主要承担者。原料加工、成型、修坯、绘饰、施釉与烧成由不同工种协作完成，商人、管理者、教育者和研究者也参与瓷业的发展。这种细密分工连接了个人技艺与城市生产，理解器物的作者和制作过程，需要同时考察署名、工种与协作关系。 工匠与集体生产 国家非遗资料记载景德镇采矿、淘洗、练泥、拉坯、利坯、画坯、施釉、烧窑等环节的细化分工。一件器物可能经过多人的劳动，因此器上署名与作品全部制作环节不是同一种信息。讨论个人作品，应说明】,生产/历史语境,已有出处，尚未完成逐论述外部复核,保持正文；只评估群体标签/入口，不将群体补成虚构个人传记。,仅审查；保持已发布正文，不授权覆盖,P3,正文/书目可先保留，核引与细节检查优先于扩写,True
瓷业原料供应体系,porcelain-raw-material-system,窑址与城市空间,现有正式稿有主题解释及来源限度；本轮尚无足够证据认定必须重写，逐项外部核验未完成。【瓷业原料供应体系包括瓷石、高岭土及釉料的开采、运输、加工与配制。它为景德镇不同器形、胎体与釉色的生产提供物质基础，也把矿区、作坊和窑场联系起来。矿物性质、加工方式和配方变化，是理解瓷器烧成性能与技术发展的重要线索。 瓷石与高岭土的作用 肖红艳等2020年论文将瓷石描述为主要由石英、绢云母组成的岩石，兼具一定可塑性与助熔作用，因此可以单独用作制胎原料。高岭土富含高岭石类矿物，较高的铝含量有利于提高耐火性能。将二者混合会改变胎体的化学组成、】,生产/历史语境,已有出处，尚未完成逐论述外部复核,保持已发布正文；核对具体引文定位、对象关联及分类，不作批量改写。,仅审查；保持已发布正文，不授权覆盖,P3,正文/书目可先保留，核引与细节检查优先于扩写,True
浮梁与景德镇瓷业,fuliang-county,历史,当前主要说明主题价值或研究用途，读者仍缺具体机制、历史实例与对应证据。【浮梁是理解景德镇行政、地方社会与瓷业关系的重要历史空间。】；正文与摘要完全相同；未超出摘要回答问题。【浮梁是理解景德镇行政、地方社会与瓷业关系的重要历史空间。】,生产/历史语境,有共用背景来源，需逐论述定位,选择一个有直接依据的具体例子或概念解释；不补推测年代、因果或贸易路线。,有条件候选；取得直接证据和逐条diff后才请求批准,P2,补主题解释前需直接证据，不以字数为目标,False
东南亚与景德镇瓷器,southeast-asia-jingdezhen,全球,当前主要说明主题价值或研究用途，读者仍缺具体机制、历史实例与对应证据。【景德镇瓷器通过贸易进入东南亚，考古与馆藏可构成传播证据。】；正文与摘要完全相同；未超出摘要回答问题。【景德镇瓷器通过贸易进入东南亚，考古与馆藏可构成传播证据。】,生产/历史语境,有共用背景来源，需逐论述定位,选择一个有直接依据的具体例子或概念解释；不补推测年代、因果或贸易路线。,有条件候选；取得直接证据和逐条diff后才请求批准,P2,补主题解释前需直接证据，不以字数为目标,False
窑户与窑主,kiln-owners,人物,群体被列入人物；只说组织联系，没有窑户/窑主含义和时段。【窑户与窑主连接生产组织、资本和地方社会。】；正文与摘要完全相同；未超出摘要回答问题。【窑户与窑主连接生产组织、资本和地方社会。】,跨区域比较/外围资料,有共用背景来源，需逐论述定位,以地方志/产业史解释术语，再评估按现有历史专题呈现，不建立新分类系统。,有条件候选；取得直接证据和逐条diff后才请求批准,P2,补主题解释前需直接证据，不以字数为目标,False
茶叶末釉,tea-dust-glaze,器物,当前主要为一两句概述，未提供足够的器形/纹饰观察和对应馆藏号；长短不是判定史实错误的依据。【茶叶末类颜色釉是清代单色釉研究的重要对象。】；正文与摘要完全相同；未超出摘要回答问题。【茶叶末类颜色釉是清代单色釉研究的重要对象。】,跨区域比较/外围资料,有共用背景来源，需逐论述定位,先确定此题名是单件器物还是品类；单件据独立对象记录补观看提示，品类据专业研究解释特点。,有条件候选；取得直接证据和逐条diff后才请求批准,P2,补主题解释前需直接证据，不以字数为目标,False
乾隆时期景德镇瓷,qianlong-jingdezhen-porcelain,器物,当前主要为一两句概述，未提供足够的器形/纹饰观察和对应馆藏号；长短不是判定史实错误的依据。【乾隆时期景德镇生产在彩瓷、颜色釉和器形方面高度多样化。】；正文与摘要完全相同；未超出摘要回答问题。【乾隆时期景德镇生产在彩瓷、颜色釉和器形方面高度多样化。】,生产/历史语境,有共用背景来源，需逐论述定位,先确定此题名是单件器物还是品类；单件据独立对象记录补观看提示，品类据专业研究解释特点。,有条件候选；取得直接证据和逐条diff后才请求批准,P2,补主题解释前需直接证据，不以字数为目标,False
成化斗彩,chenghua-doucai,器物,当前主要为一两句概述，未提供足够的器形/纹饰观察和对应馆藏号；长短不是判定史实错误的依据。【成化斗彩是明代景德镇彩瓷研究的重要类型。】；正文与摘要完全相同；未超出摘要回答问题。【成化斗彩是明代景德镇彩瓷研究的重要类型。】,生产/历史语境,有共用背景来源，需逐论述定位,先确定此题名是单件器物还是品类；单件据独立对象记录补观看提示，品类据专业研究解释特点。,有条件候选；取得直接证据和逐条diff后才请求批准,P1,核心理解/对象观察或背景来源范围需要改善,False
窑业燃料供应,kiln-fuel-system,窑址与城市空间,当前主要说明主题价值或研究用途，读者仍缺具体机制、历史实例与对应证据。【燃料生产区与城市窑业之间的联系，是景德镇完整生产系统的重要组成。】；正文与摘要完全相同；未超出摘要回答问题。【燃料生产区与城市窑业之间的联系，是景德镇完整生产系统的重要组成。】,生产/历史语境,有共用背景来源，需逐论述定位,选择一个有直接依据的具体例子或概念解释；不补推测年代、因果或贸易路线。,有条件候选；取得直接证据和逐条diff后才请求批准,P2,补主题解释前需直接证据，不以字数为目标,False
康熙黑釉瓶,kangxi-black-glaze-vase,器物,当前主要为一两句概述，未提供足够的器形/纹饰观察和对应馆藏号；长短不是判定史实错误的依据。【大都会博物馆藏康熙时期景德镇黑釉瓶展示了清代单色釉生产的一个实物类型。】；正文与摘要完全相同；未超出摘要回答问题。【大都会博物馆藏康熙时期景德镇黑釉瓶展示了清代单色釉生产的一个实物类型。】；宣称此件器物归属/年代，但共用Met42507（宣德青花高足杯）和BM PDF.560（永乐铜红釉盘），没有提供所命名器物独立对象记录；这不证明器物不存在。【https://www.metmuseum.org/art/collection/search/42507】,具体展品观看入口,具体馆藏对象的证据链未闭合；有共用背景来源，需逐论述定位,先确定此题名是单件器物还是品类；单件据独立对象记录补观看提示，品类据专业研究解释特点。 优先找到此件真实馆藏号与对象页，不以共用两件不同器物支持该件身份。,候选需要单独批准（来源字段优先，未拟SQL）,P0,来源错配、空正文或关键身份/日期证据缺口，先核查可靠性,False
瓷器贸易网络,porcelain-trade,历史,列全球市场但没有具体器物/订单/考古例子；贸易概述不等于每条航路。【瓷器贸易把景德镇与东亚、东南亚、中东和欧洲市场联系起来。】；正文与摘要完全相同；未超出摘要回答问题。【瓷器贸易把景德镇与东亚、东南亚、中东和欧洲市场联系起来。】,生产/历史语境,有共用背景来源，需逐论述定位,用已查V&A实例解释流通与用途；航次、港口和数量没有档案不补。,有条件候选；取得直接证据和逐条diff后才请求批准,P1,核心理解/对象观察或背景来源范围需要改善,False
窑址地层学,archaeological-stratigraphy,全球,研究方法归类“全球”，不是世界贸易事件。【地层能回答什么 窑炉、作坊、道路和废品堆积之间的叠压或打破关系，记录场地使用的先后。出土瓷片须与其所在层位和遗迹联系，才能用于分析生产阶段；脱离地点和层位的残片，通常难以提供同等精度的年代证据。 御窑厂实例 北京大学公布的2014年御窑厂发掘面积约400平方米，发现64处遗迹，地层从元末延续到清末民国。遗迹及出土器物共同用于辨析御窑建立、明代生产和后来场地使用的变化。 解释层次 出土遗物的年代、堆积形成的年代与器物最初制造时间并非必然相】,生产/历史语境,已有出处，尚未完成逐论述外部复核,考虑现有文献与研究入口的可见标签，先核对分类规则。,仅审查；保持已发布正文，不授权覆盖,P3,正文/书目可先保留，核引与细节检查优先于扩写,True
制瓷分工,porcelain-craft-division-labor,工艺,现有正式稿有主题解释及来源限度；本轮尚无足够证据认定必须重写，逐项外部核验未完成。【一件瓷器的制作由相互影响的工序组成。原料决定坯料的工作性能，成型与修整组织厚薄和结构，装饰与施釉改变表面，装烧和烧成使材料形成最终状态。工艺史需要同时观察工具、劳动分工和产品，不能只列操作名称。 从原料到瓷坯 瓷石和高岭土涉及不同矿物组成与烧结性能；一元与二元配方讨论原料怎样配制，而不是原料只有一种或两种矿物。其起源年代存在争议，应理解各研究采用的判定标准。 原料专题 依据2020年专业论文解释天然伴生与人为混配的区别。 1 拉坯、印坯】,核心入门入口,已有出处，尚未完成逐论述外部复核,保持已发布正文；核对具体引文定位、对象关联及分类，不作批量改写。,仅审查；保持已发布正文，不授权覆盖,P3,正文/书目可先保留，核引与细节检查优先于扩写,True
雍正绿松石釉瓶,yongzheng-turquoise-vase,器物,当前主要为一两句概述，未提供足够的器形/纹饰观察和对应馆藏号；长短不是判定史实错误的依据。【大都会博物馆藏雍正景德镇绿松石釉瓶提供清代单色釉器物案例。】；正文与摘要完全相同；未超出摘要回答问题。【大都会博物馆藏雍正景德镇绿松石釉瓶提供清代单色釉器物案例。】；宣称此件器物归属/年代，但共用Met42507（宣德青花高足杯）和BM PDF.560（永乐铜红釉盘），没有提供所命名器物独立对象记录；这不证明器物不存在。【https://www.metmuseum.org/art/collection/search/42507】,具体展品观看入口,具体馆藏对象的证据链未闭合；有共用背景来源，需逐论述定位,先确定此题名是单件器物还是品类；单件据独立对象记录补观看提示，品类据专业研究解释特点。 优先找到此件真实馆藏号与对象页，不以共用两件不同器物支持该件身份。,候选需要单独批准（来源字段优先，未拟SQL）,P0,来源错配、空正文或关键身份/日期证据缺口，先核查可靠性,False
乾隆浅蓝釉瓶,qianlong-lightblue-vase,器物,当前主要为一两句概述，未提供足够的器形/纹饰观察和对应馆藏号；长短不是判定史实错误的依据。【大都会博物馆藏乾隆景德镇浅蓝釉瓶可作为清代颜色釉研究对象。】；正文与摘要完全相同；未超出摘要回答问题。【大都会博物馆藏乾隆景德镇浅蓝釉瓶可作为清代颜色釉研究对象。】；宣称此件器物归属/年代，但共用Met42507（宣德青花高足杯）和BM PDF.560（永乐铜红釉盘），没有提供所命名器物独立对象记录；这不证明器物不存在。【https://www.metmuseum.org/art/collection/search/42507】,具体展品观看入口,具体馆藏对象的证据链未闭合；有共用背景来源，需逐论述定位,先确定此题名是单件器物还是品类；单件据独立对象记录补观看提示，品类据专业研究解释特点。 优先找到此件真实馆藏号与对象页，不以共用两件不同器物支持该件身份。,候选需要单独批准（来源字段优先，未拟SQL）,P0,来源错配、空正文或关键身份/日期证据缺口，先核查可靠性,False
民窑,civilian-kilns,历史,当前主要说明主题价值或研究用途，读者仍缺具体机制、历史实例与对应证据。【民窑与御窑共同构成景德镇瓷业体系。】；正文与摘要完全相同；未超出摘要回答问题。【民窑与御窑共同构成景德镇瓷业体系。】,生产/历史语境,有共用背景来源，需逐论述定位,选择一个有直接依据的具体例子或概念解释；不补推测年代、因果或贸易路线。,有条件候选；取得直接证据和逐条diff后才请求批准,P2,补主题解释前需直接证据，不以字数为目标,False
豇豆红与桃花片,peachbloom-glaze,器物,当前主要为一两句概述，未提供足够的器形/纹饰观察和对应馆藏号；长短不是判定史实错误的依据。【康熙时期景德镇桃红色单色釉是清代颜色釉研究的重要方向。】；正文与摘要完全相同；未超出摘要回答问题。【康熙时期景德镇桃红色单色釉是清代颜色釉研究的重要方向。】,生产/历史语境,有共用背景来源，需逐论述定位,先确定此题名是单件器物还是品类；单件据独立对象记录补观看提示，品类据专业研究解释特点。,有条件候选；取得直接证据和逐条diff后才请求批准,P2,补主题解释前需直接证据，不以字数为目标,False
永乐铜红釉盘,yongle-copper-red-dish,器物,现有正式稿有主题解释及来源限度；本轮尚无足够证据认定必须重写，逐项外部核验未完成。【馆藏身份 大英博物馆记录此器为永乐时期瓷盘，年代1403—1424年，馆藏号PDF.560；直径197毫米，高43毫米。器物具有弧腹和外撇口沿，以铜红釉装饰。 工艺观察 铜红釉的呈色与釉配方及烧成条件共同相关。比较此盘与清代郎窑红等器物时，应注意它们的年代、器型和馆方定名不同，不能仅因均呈红色就混用名称。 对象与引用 大英博物馆对象编号PDF.560对应这件永乐铜红釉盘。其馆藏记录中的年代、尺寸与归属只适用于这一对象；比较其他红釉器时，】,具体展品观看入口,有共用背景来源，需逐论述定位,保持已发布正文；核对具体引文定位、对象关联及分类，不作批量改写。,仅审查；保持已发布正文，不授权覆盖,P3,正文/书目可先保留，核引与细节检查优先于扩写,True
官民窑关系,imperial-civilian-kilns,历史,现有正式稿有主题解释及来源限度；本轮尚无足够证据认定必须重写，逐项外部核验未完成。【官窑与民窑是景德镇不同生产组织和供给需求的重要组成部分。御用生产受到制度、任务和质量要求的约束，民窑则面向更广泛的市场；两者在工匠、技术与生产协作方面存在联系。具体时期的关系需要结合档案、窑址和产品证据理解。 御器厂的年代与空间 北京大学考古文博学院介绍，2002—2004年发掘揭露御窑厂围墙、窑炉、辘轳坑和落选御用瓷片坑。2014年发掘位于遗址中部西侧，面积400平方米，清理作坊、灰坑、房址、道路、庭院等遗迹64处，地层从元代后期延续】,生产/历史语境,已有出处，尚未完成逐论述外部复核,保持已发布正文；核对具体引文定位、对象关联及分类，不作批量改写。,仅审查；保持已发布正文，不授权覆盖,P3,正文/书目可先保留，核引与细节检查优先于扩写,True
祭红,sacrificial-red,器物,当前主要为一两句概述，未提供足够的器形/纹饰观察和对应馆藏号；长短不是判定史实错误的依据。【祭红是永乐、宣德时期重要的高温铜红釉类型。】；正文与摘要完全相同；未超出摘要回答问题。【祭红是永乐、宣德时期重要的高温铜红釉类型。】,跨区域比较/外围资料,有共用背景来源，需逐论述定位,先确定此题名是单件器物还是品类；单件据独立对象记录补观看提示，品类据专业研究解释特点。,有条件候选；取得直接证据和逐条diff后才请求批准,P2,补主题解释前需直接证据，不以字数为目标,False
郎廷极,lang-tingji,人物,国博旧wap URL404；正常版直接写康熙四十四至五十一年督理窑务，来源替换已有对应依据。【郎廷极是清康熙时期与景德镇御窑管理有关的官员。“郎窑”通常用于称呼与其督理窑务时期相关的一类景德镇瓷器，其中郎窑红是最具代表性的高温红釉品种之一。 郎窑红 郎窑红属于高温铜红釉体系，对烧成温度和还原气氛要求较高。故宫及中国国家博物馆等馆藏资料所见郎窑红器物，可以用于研究康熙时期景德镇高温红釉技术。 郎廷极与御窑管理 故宫资料记载，郎廷极于康熙四十四年至五十一年主持景德镇御窑场工作。“郎窑”这一名称与其督陶身份及相应生产时期有关。 人物与】,生产/历史语境,已检查特定来源相关段落；详见来源核查，不等于全文事实已核验,仅准备来源URL差异；生平扩写和器物作者归属不在该替换范围。,候选需要单独批准（来源字段优先，未拟SQL）,P1,核心理解/对象观察或背景来源范围需要改善,False
二元配方,binary-formula,工艺,正文已经明确国家非遗概述和2020论文判定标准不同。【“二元”指什么 讨论景德镇瓷胎时，一元或二元主要区分所用原料体系，而不是数出胎体里有几种化学元素或矿物。一种天然瓷石可能已经含有多种矿物，伴生高岭土也不必然证明工匠额外加入过第二种原料。 两种历史解释 国家非遗项目简介采用元代形成二元配方的概述。肖红艳、艾沁哲、崔剑锋2020年论文则回顾唐五代、南宋、元代、明代等不同起源观点，强调天然伴生与人为混配的区别，并提出真正的人为二元配方形成于明末清初、清代广泛使用。两种表述应注明来源及判定标准】,核心入门入口,已有出处，尚未完成逐论述外部复核,保留学术争议表述，关系note同样需要观点归属，不能显示唯一发明年代。,仅审查；保持已发布正文，不授权覆盖,P3,正文/书目可先保留，核引与细节检查优先于扩写,True
颜色釉瓷,colored-glaze,器物,现有正式稿有主题解释及来源限度；本轮尚无足够证据认定必须重写，逐项外部核验未完成。【颜色釉瓷以釉层本身的呈色形成器物外观，区别于以彩绘纹样为主要装饰的瓷器。釉料组成、着色成分与烧成条件共同影响色泽、光泽及表面效果。景德镇红釉等品类的发展，体现了原料控制、窑炉操作与审美需求之间的联系。 铜红釉与烧成控制 高冉的公开文章以清初高温铜红釉为对象，指出呈色同时受到铜含量、基础釉组成、温度及窑内气氛影响，即使同一配方和窑炉也可能产生色调差异。由此，颜色不能单独证明配方相同，更不能直接作为真伪标准。 1 铜红釉与釉里红同样涉及铜的】,生产/历史语境,已有出处，尚未完成逐论述外部复核,保持已发布正文；核对具体引文定位、对象关联及分类，不作批量改写。,仅审查；保持已发布正文，不授权覆盖,P3,正文/书目可先保留，核引与细节检查优先于扩写,True
景德镇颜色釉相关资料,r29,文献,当前为书目/研究入口；需检查版本、作者、卷期及可读范围，不能因短而自动扩写。【知识细颗粒资源库在线资料。 颜色釉资料汇编。】,史料追溯入口,已有出处，尚未完成逐论述外部复核,补可核实书目字段与对应研究问题；没有全文不填页码/实验结论。,有条件候选；取得直接证据和逐条diff后才请求批准,P3,正文/书目可先保留，核引与细节检查优先于扩写,False
雍正刻花青釉瓶,yongzheng-relief-vase,器物,当前主要为一两句概述，未提供足够的器形/纹饰观察和对应馆藏号；长短不是判定史实错误的依据。【大都会博物馆藏雍正景德镇刻花青釉瓶可用于研究胎釉与装饰技法结合。】；正文与摘要完全相同；未超出摘要回答问题。【大都会博物馆藏雍正景德镇刻花青釉瓶可用于研究胎釉与装饰技法结合。】；宣称此件器物归属/年代，但共用Met42507（宣德青花高足杯）和BM PDF.560（永乐铜红釉盘），没有提供所命名器物独立对象记录；这不证明器物不存在。【https://www.metmuseum.org/art/collection/search/42507】,具体展品观看入口,具体馆藏对象的证据链未闭合；有共用背景来源，需逐论述定位,先确定此题名是单件器物还是品类；单件据独立对象记录补观看提示，品类据专业研究解释特点。 优先找到此件真实馆藏号与对象页，不以共用两件不同器物支持该件身份。,候选需要单独批准（来源字段优先，未拟SQL）,P0,来源错配、空正文或关键身份/日期证据缺口，先核查可靠性,False
有田窑·有田烧,arita-kiln,窑址,现有概述未清楚区分单一遗址、产区或区域陶瓷传统；景德镇联系与当地生产史须分证。【有田烧是日本佐贺县有田及其周边地区形成的陶瓷生产传统，也是日本早期瓷器产业的重要中心之一。17世纪以来，有田窑业吸收中国青花、克拉克瓷以及明末清初瓷器的造型与装饰因素，并逐渐形成具有日本特色的产品体系。 历史与生产 17世纪有田逐步形成成熟的瓷器生产体系。1650年代以后，中国瓷器出口受到影响，有田及周边窑场扩大生产，并将部分产品销往东南亚和欧洲市场。 与景德镇的关系 有田与景德镇的关系主要体现为中国瓷器样式的输入、市场竞争以及本土化再】,生产/历史语境,已有出处，尚未完成逐论述外部复核,依遗址/馆方研究解释生产与比较角度，不从纹样相似推直接技术传播。,有条件候选；取得直接证据和逐条diff后才请求批准,P3,正文/书目可先保留，核引与细节检查优先于扩写,False
巴特朗陶窑,bat-trang,窑址,现有概述未清楚区分单一遗址、产区或区域陶瓷传统；景德镇联系与当地生产史须分证。【巴特朗（Bát Tràng）位于越南河内附近，是越南历史悠久的陶瓷生产村落。当地长期生产砖、瓦和陶器，并与越南宫殿、城堡、陵墓及日常生活中的建筑和器物使用发生联系。 历史与生产 相关遗产评估资料显示，巴特朗具有持续的陶瓷生产传统，高温烧制技术以及与越南社会、宗教和建筑遗产相联系的生产活动。 与景德镇的关系 中国陶瓷传统对越南陶瓷史具有重要影响，但巴特朗与景德镇之间不能仅凭器形或装饰相似建立直接技术传播关系。两地更适合从中国陶瓷影响、区域】,生产/历史语境,已有出处，尚未完成逐论述外部复核,依遗址/馆方研究解释生产与比较角度，不从纹样相似推直接技术传播。,有条件候选；取得直接证据和逐条diff后才请求批准,P3,正文/书目可先保留，核引与细节检查优先于扩写,False
朱琰,zhu-yan,人物,正文提供有限人物联系；身份、作品/活动与日期须分别核实，已有来源未完成逐项支持检查。【朱琰是清代陶瓷文献作者，与《陶说》密切相关。他的主要历史意义在于陶瓷知识史和文献史，而不是作为景德镇生产现场的考古观察者。 《陶说》 朱琰所著《陶说》保存了清代关于历代名窑、器物、釉色和陶瓷工艺的知识。文本既包含作者整理和观察，也继承了前代旧闻，因此使用时需要区分不同资料来源和证据层次。 与景德镇的关系 朱琰及《陶说》连接了景德镇生产传统、历史窑业记忆与清代陶瓷知识体系。相关记述可以与《景德镇陶录》、地方志、考古材料和馆藏研究互相参照。】,生产/历史语境,已有出处，尚未完成逐论述外部复核,核对直接职业/馆方档案，补有依据的重要性；不由题词/到访推定制瓷贡献。,有条件候选；取得直接证据和逐条diff后才请求批准,P3,正文/书目可先保留，核引与细节检查优先于扩写,False
《陶说》,tao-shuo,文献,当前为书目/研究入口；需检查版本、作者、卷期及可读范围，不能因短而自动扩写。【《陶说》是清代陶瓷史研究的重要文献，由朱琰编撰。书中整理了历代名窑、器物、釉色以及陶瓷生产的历史知识，其中包括对景德镇及其他窑业传统的记述。 内容与价值 《陶说》的重要性不仅在于保存具体的陶瓷知识，也在于反映清代知识体系如何整理和解释前代窑业。它属于历史文献，而不是现代考古报告。 与景德镇研究的关系 书中有关景德镇的记述可以与《景德镇陶录》《天工开物》以及地方志、考古资料和馆藏研究互相参照，从而观察清代文献如何描述景德镇生产传统。 史料】,史料追溯入口,已有出处，尚未完成逐论述外部复核,补可核实书目字段与对应研究问题；没有全文不填页码/实验结论。,有条件候选；取得直接证据和逐条diff后才请求批准,P3,正文/书目可先保留，核引与细节检查优先于扩写,False
Jean-Baptiste du Halde（杜赫德）,jean-baptiste-du-halde,人物,现有正式稿有主题解释及来源限度；本轮尚无足够证据认定必须重写，逐项外部核验未完成。【编纂工作 杜赫德（Jean-Baptiste du Halde）是法国耶稣会士和中国资料编纂者。法国国家图书馆瓷器专题指出，殷弘绪关于景德镇制瓷的通信进入相关书信集，并为杜赫德1735年刊行的中国著述提供材料。 从地方见闻到欧洲知识 原料、劳动分工和烧造活动原本属于具体生产场景，经摘录和编排后进入欧洲读者理解中国的知识体系。这种编纂扩大了材料的传播范围，也使读者需要区分谁亲自观察、谁负责整理，以及后来的译者怎样处理技术词汇。 阅读位置 】,生产/历史语境,已有出处，尚未完成逐论述外部复核,保持已发布正文；核对具体引文定位、对象关联及分类，不作批量改写。,仅审查；保持已发布正文，不授权覆盖,P3,正文/书目可先保留，核引与细节检查优先于扩写,True
日本陶瓷,japan-ceramics,窑址,现有概述未清楚区分单一遗址、产区或区域陶瓷传统；景德镇联系与当地生产史须分证。【日本陶瓷传统涵盖须惠器、中世窑业、茶陶和近现代瓷业。 景德镇—日本传播链 大都会艺术博物馆关于江户时期日本瓷器的研究显示，17世纪日本有田地区的早期伊万里青花在构图和釉下钴蓝技术上受到中国瓷器传统影响；馆藏研究同时指出，日本早期瓷业还吸收了朝鲜半岛工匠传统和中国龙泉等窑业技术。 这说明东亚传播并不是单向复制：日本在吸收中国与朝鲜技术、器形和装饰资源后形成了早期伊万里、柿右卫门、锅岛等具有日本地域特征的体系。景德镇在这一链条中是重要来源之】,生产/历史语境,已有出处，尚未完成逐论述外部复核,依遗址/馆方研究解释生产与比较角度，不从纹样相似推直接技术传播。,有条件候选；取得直接证据和逐条diff后才请求批准,P3,正文/书目可先保留，核引与细节检查优先于扩写,False
有田与景德镇青花传统,arita-jingdezhen,东亚,现有正式稿有主题解释及来源限度；本轮尚无足够证据认定必须重写，逐项外部核验未完成。【跨地域的青花传统 中国和日本的青花器在东亚及欧洲市场流通，生产者也会调整形制和装饰以适应不同需求。V&A专题把中国青花、有田作品和外销贸易并置展示，提供跨产地比较的入口。 不能忽略的区别 V&A所举一件有田碗的重复线状纹样，是中国“寿”字的简化形式，并联系福建流行的青花装饰。这个实例说明，某种日本纹样受到中国影响，并不自动证明它直接来自景德镇。 景德镇的日本市场 同一专题列出的1621—1627年景德镇外销日本盘（FE.6-1982），】,生产/历史语境,有共用背景来源，需逐论述定位,保持已发布正文；核对具体引文定位、对象关联及分类，不作批量改写。,仅审查；保持已发布正文，不授权覆盖,P3,正文/书目可先保留，核引与细节检查优先于扩写,True
御窑厂遗址,imperial-kiln,窑址,已并列始建说及考古论证；洪武三十五年为被转述文本中的用语，不能当作正常连续纪年。【位置与性质 遗址在景德镇老城区中心，处于前后街之间，平面呈长梯形，总面积约5.43万平方米。[1] 这里是明清两朝为宫廷烧造瓷器的官办窑厂旧址。[1] 据故宫博物院的释义，厂里所出的瓷器，也包括朝廷对内外的赏赐品和交换品。[2] 北京大学考古文博学院的秦大树、高宪平在遗址介绍中评价说，这是中国延续时间最久、规模最大的官办窑厂，明清时期的新技术几乎都产生于此。[1] 沿革与始建年份 据北大的介绍，御窑厂创建于明初，明代称“御器厂”，清代延】,核心入门入口,有共用背景来源，需逐论述定位,保持引述归属与争论；需版本校勘才处理称谓，不强行选一个始建年。,有条件候选；取得直接证据和逐条diff后才请求批准,P3,正文/书目可先保留，核引与细节检查优先于扩写,False
装烧与烧成,kiln-firing,工艺,现有正式稿有主题解释及来源限度；本轮尚无足够证据认定必须重写，逐项外部核验未完成。【装烧的作用 装坯不是单纯把器物放进窑里，还需要安排支垫、间距、匣钵和承重。器物底足及其釉层必须与接触位置配合，以减少粘连和变形。窑具在隔护坯体的同时，也参与窑内传热和空间分配。 火候与气氛 烧成效果由温度、时间、气氛和坯釉材料共同决定。青花、颜色釉以及在釉上加彩后再烧的工艺有不同要求，不能用一个最高温度概括所有瓷器。高温铜红釉尤其能显示铜、基础釉和还原条件的相互影响。 考古证据 御窑遗址发现的窑炉、窑具、半成品和废品，使研究者能够把成品】,生产/历史语境,已有出处，尚未完成逐论述外部复核,保持已发布正文；核对具体引文定位、对象关联及分类，不作批量改写。,仅审查；保持已发布正文，不授权覆盖,P3,正文/书目可先保留，核引与细节检查优先于扩写,True
康熙五彩釉上彩瓶,kangxi-famille-verte-vase,器物,当前主要为一两句概述，未提供足够的器形/纹饰观察和对应馆藏号；长短不是判定史实错误的依据。【大都会博物馆藏康熙景德镇五彩瓶体现釉上彩在清代的成熟与多样化。】；正文与摘要完全相同；未超出摘要回答问题。【大都会博物馆藏康熙景德镇五彩瓶体现釉上彩在清代的成熟与多样化。】；宣称此件器物归属/年代，但共用Met42507（宣德青花高足杯）和BM PDF.560（永乐铜红釉盘），没有提供所命名器物独立对象记录；这不证明器物不存在。【https://www.metmuseum.org/art/collection/search/42507】,具体展品观看入口,具体馆藏对象的证据链未闭合；有共用背景来源，需逐论述定位,先确定此题名是单件器物还是品类；单件据独立对象记录补观看提示，品类据专业研究解释特点。 优先找到此件真实馆藏号与对象页，不以共用两件不同器物支持该件身份。,候选需要单独批准（来源字段优先，未拟SQL）,P0,来源错配、空正文或关键身份/日期证据缺口，先核查可靠性,False
瓷片与考古标本,porcelain-sherds,全球,考古证据方法条目归类“全球”易与海外交流混读。【残片保留的信息 口沿、腹部和底足残片分别保存器形与制作痕迹，胎釉断面可用于观察材料和烧成，款识及纹样则提供生产与使用线索。同类残片的数量和组合，还能反映某个作坊或堆积的产品构成。 生产遗址的特殊价值 御窑厂出土大量瓷片、窑具和半成品。残次品与废弃堆积使研究者看到成品收藏难以保留的试制、失误和筛选过程。能否拼合、是否具有共同生产特征，也有助于分析不同堆积的联系。 记录不可分离 没有地点、层位和采集记录的瓷片仍可用于形态比较，但不宜直接承担】；存在面向知识组织用途的说明，宜转成读者可理解的主题解释；不自动删除比较观点。【残片保留的信息 口沿、腹部和底足残片分别保存器形与制作痕迹，胎釉断面可用于观察材料和烧成，款识及纹样则提供生产与使用线索】,生产/历史语境,已有出处，尚未完成逐论述外部复核,仅提交现有文献/研究入口分类候选，不重写正文。,仅审查；保持已发布正文，不授权覆盖,P3,正文/书目可先保留，核引与细节检查优先于扩写,True
长岭瓷石采掘区,changling-stone,窑址,现有概述未清楚区分单一遗址、产区或区域陶瓷传统；景德镇联系与当地生产史须分证。【长岭瓷石采掘区是景德镇制瓷原料供应体系的重要遗存。瓷石的采掘、加工和运输为景德镇陶瓷生产提供了基础原料，也是理解景德镇手工瓷业空间组织的重要环节。 生产体系中的位置 UNESCO将长岭瓷石采掘区列入景德镇手工瓷业世界遗产的五个组成部分之一，并将原料采掘与城市生产、运输和燃料供应联系起来。由此，长岭不仅是原料产地，也是景德镇生产网络的一部分。 研究边界 具体矿体、采掘年代和历史运输路线仍需结合考古、地质和历史文献进一步研究。遗产整体框架能】,生产/历史语境,有共用背景来源，需逐论述定位,依遗址/馆方研究解释生产与比较角度，不从纹样相似推直接技术传播。,有条件候选；取得直接证据和逐条diff后才请求批准,P3,正文/书目可先保留，核引与细节检查优先于扩写,False
元：青花与釉下彩绘,yuan-blue-white,历史,现有正文已有原料争论与实物研究边界，未因长短发现必须重写的证据。【元代景德镇青花瓷以含钴颜料在瓷胎上绘画，施透明釉后高温烧成，是景德镇釉下彩生产的重要发展。器形、纹饰与用料反映了生产技术和消费需求的变化；与宋代青白瓷相比，绘画装饰在器物面貌中更加突出。 技术背景：从青白瓷到釉下绘饰 青白瓷的视觉效果来自白色胎体与带青色调的釉层。观察时应区分胎色、釉色与积釉处的颜色：釉层厚薄变化会强化刻划纹样和器表起伏的可见性。不能把“青白”简单理解为在白瓷上涂了一层蓝色颜料。国家非遗资料记载，宋代景德镇成型体系已使用】,核心入门入口,已有出处，尚未完成逐论述外部复核,保持正式稿；仅核对元青花实物及史料的下一步入口。,仅审查；保持已发布正文，不授权覆盖,P3,正文/书目可先保留，核引与细节检查优先于扩写,True
景德镇窑青花莲池纹瓶（Met 1991.253.33）,met-1991-253-33,器物,现有正式稿有主题解释及来源限度；本轮尚无足够证据认定必须重写，逐项外部核验未完成。【对象记录 大都会艺术博物馆将此瓶命名为Vase with lotus pond scene，馆藏号1991.253.33，对象编号42490，年代为十四世纪前半叶，归属元代景德镇烧造。馆藏号与网页对象编号属于不同编号体系，引用时应同时避免混淆。 技术与装饰 青花以含钴色料在坯面绘画，覆盖透明釉后烧成。莲池题材与器体曲面相结合，可用于观察元代青花的图像组织；仅凭题材相似，不能把其他馆藏莲纹瓶视为同一件器物。 图像与资料 Met对象接口将此】；存在面向知识组织用途的说明，宜转成读者可理解的主题解释；不自动删除比较观点。【莲池题材与器体曲面相结合，可用于观察元代青花的图像组织；仅凭题材相似，不能把其他馆藏莲纹瓶视为同一件器物】,具体展品观看入口,有共用背景来源，需逐论述定位,保持已发布正文；核对具体引文定位、对象关联及分类，不作批量改写。,仅审查；保持已发布正文，不授权覆盖,P3,正文/书目可先保留，核引与细节检查优先于扩写,True
康熙五彩描金瓶,kangxi-famille-verte-gilt-vase,器物,当前主要为一两句概述，未提供足够的器形/纹饰观察和对应馆藏号；长短不是判定史实错误的依据。【大都会博物馆藏康熙五彩描金瓶可用于研究釉上彩与金彩组合。】；正文与摘要完全相同；未超出摘要回答问题。【大都会博物馆藏康熙五彩描金瓶可用于研究釉上彩与金彩组合。】；宣称此件器物归属/年代，但共用Met42507（宣德青花高足杯）和BM PDF.560（永乐铜红釉盘），没有提供所命名器物独立对象记录；这不证明器物不存在。【https://www.metmuseum.org/art/collection/search/42507】,具体展品观看入口,具体馆藏对象的证据链未闭合；有共用背景来源，需逐论述定位,先确定此题名是单件器物还是品类；单件据独立对象记录补观看提示，品类据专业研究解释特点。 优先找到此件真实馆藏号与对象页，不以共用两件不同器物支持该件身份。,候选需要单独批准（来源字段优先，未拟SQL）,P0,来源错配、空正文或关键身份/日期证据缺口，先核查可靠性,False
康熙五彩蒙太斯酒钵,kangxi-famille-verte-monteith,器物,当前主要为一两句概述，未提供足够的器形/纹饰观察和对应馆藏号；长短不是判定史实错误的依据。【大都会博物馆藏康熙时期五彩酒钵体现中国瓷器进入欧洲生活器用语境的路径。】；正文与摘要完全相同；未超出摘要回答问题。【大都会博物馆藏康熙时期五彩酒钵体现中国瓷器进入欧洲生活器用语境的路径。】；宣称此件器物归属/年代，但共用Met42507（宣德青花高足杯）和BM PDF.560（永乐铜红釉盘），没有提供所命名器物独立对象记录；这不证明器物不存在。【https://www.metmuseum.org/art/collection/search/42507】,具体展品观看入口,具体馆藏对象的证据链未闭合；有共用背景来源，需逐论述定位,先确定此题名是单件器物还是品类；单件据独立对象记录补观看提示，品类据专业研究解释特点。 优先找到此件真实馆藏号与对象页，不以共用两件不同器物支持该件身份。,候选需要单独批准（来源字段优先，未拟SQL）,P0,来源错配、空正文或关键身份/日期证据缺口，先核查可靠性,False
年希尧,nian-xiyao,人物,正文提供有限人物联系；身份、作品/活动与日期须分别核实，已有来源未完成逐项支持检查。【年希尧是清雍正时期与景德镇御窑管理和陶瓷生产相关的官员，其活动与雍正时期御窑制度及“年窑”传统有关。 御窑管理 故宫研究资料将年希尧与唐英置于雍正时期景德镇御窑管理和技术实践的历史背景中。年希尧任督陶官期间参与御窑生产管理，唐英则自雍正六年起驻景德镇参与协理陶务，后来长期兼理窑务。 “年窑”与器物归属 “年窑”是陶瓷史中以督陶官身份和生产时期对相关产品进行分类的称谓。研究具体器物时，应将官员管理、御窑制度和工匠实际生产区分开来。以督陶官】,生产/历史语境,已有出处，尚未完成逐论述外部复核,核对直接职业/馆方档案，补有依据的重要性；不由题词/到访推定制瓷贡献。,有条件候选；取得直接证据和逐条diff后才请求批准,P3,正文/书目可先保留，核引与细节检查优先于扩写,False
外销瓷,export-porcelain,历史,正文已有定制用途、产地与收藏地辨析，可保留。【市场与制作 外销并不是单一釉色或固定风格。相同产地可同时面向不同地区供应日用、陈设和订制器，海外使用习惯又可能影响形制与纹样。V&A介绍的景德镇外销器包括面向日本市场的盘以及供欧洲使用的器物。 具体实例 V&A藏1621—1627年景德镇盘（FE.6-1982）说明日本市场与中国生产的联系；1680—1700年油醋壶（C.91-1956）借鉴欧洲玻璃调味器形；1662—1722年盖罐（C.113-1963）则与欧洲室内陈设相关。这些实例】,核心入门入口,有共用背景来源，需逐论述定位,优先配置已存在的实例阅读入口；不重写已发布正文。,仅审查；保持已发布正文，不授权覆盖,P3,正文/书目可先保留，核引与细节检查优先于扩写,True
瓷器款识,porcelain-marks,全球,款识概念归“全球”，缺全球交流主题。【明初官款的变化 孙悦的永宣官窑研究指出，永乐器所见“永乐年制”四字篆书款有刻、印和青花书写等形式，署款尚未成为所有产品的统一做法；宣德时期六字年款则更加突出。款识因而可用于研究制度和书写规范的变化。 款文与制造时间 年款记录一种纪年或纪念表达，但后代仿制也会采用前朝样式。清代御窑对永宣器的模仿涉及形制、纹饰、青料效果和款识，因此看到前朝年号不能直接把器物断为那个朝代。 观察方法 读款时应记录全文、字形、排列、颜色或刻印方式及所在位置，再】,跨区域比较/外围资料,已有出处，尚未完成逐论述外部复核,评估现有文献/研究标签，不删条目。,仅审查；保持已发布正文，不授权覆盖,P3,正文/书目可先保留，核引与细节检查优先于扩写,True
景德镇青釉,celadon-glaze-jingdezhen,器物,当前主要为一两句概述，未提供足够的器形/纹饰观察和对应馆藏号；长短不是判定史实错误的依据。【景德镇生产多种单色釉瓷，青釉类器物可用于比较地方传统与仿古技术。】；正文与摘要完全相同；未超出摘要回答问题。【景德镇生产多种单色釉瓷，青釉类器物可用于比较地方传统与仿古技术。】；存在面向知识组织用途的说明，宜转成读者可理解的主题解释；不自动删除比较观点。【景德镇生产多种单色釉瓷，青釉类器物可用于比较地方传统与仿古技术】,生产/历史语境,有共用背景来源，需逐论述定位,先确定此题名是单件器物还是品类；单件据独立对象记录补观看提示，品类据专业研究解释特点。,有条件候选；取得直接证据和逐条diff后才请求批准,P2,补主题解释前需直接证据，不以字数为目标,False
青花瓷,blue-and-white,器物,现有正文已解释定义、钴料、元代成熟并并列配方争论，属于可保留核心稿。【定义与工艺 青花是白地蓝花的瓷器，工匠用含钴的彩料在坯体上绘出纹饰。纹饰的蓝色在釉层之下，所以青花属于釉下彩。[1][2] 据故宫博物院的名词释义，青花以含氧化钴的钴土矿为原料，绘纹后罩透明釉，入窑经高温还原焰一次烧成。[1] 元代的成熟 据故宫博物院的释义，景德镇在元代已能烧制成熟的青花瓷；青花盛行之后，明、清两代的瓷器生产不再以青瓷为主。[1] 据 V&A 的专题文章，元代景德镇的工匠改进了坯料与烧成技术，青花的质量明显提高；所用钴】,核心入门入口,有共用背景来源，需逐论述定位,仅核对引用位置及对象链接；不增加字数或抹去争议。,有条件候选；取得直接证据和逐条diff后才请求批准,P3,正文/书目可先保留，核引与细节检查优先于扩写,False
欧洲中国风与景德镇瓷,chinoiserie,历史,现有正式稿有主题解释及来源限度；本轮尚无足够证据认定必须重写，逐项外部核验未完成。【形制与陈设 V&A所列景德镇油醋壶C.91-1956（1680—1700年）借鉴欧洲玻璃器用途，盖罐C.113-1963（1662—1722年）与家具或壁炉架陈设有关。它们显示生产者与购买者之间的互动，不能仅用“西方模仿中国”概括。 十九世纪的青花收藏 英国唯美主义圈子中的惠斯勒和罗塞蒂等人重视青花的色彩、材料与形式，带动收藏和室内陈列。雷兰的孔雀厅由托马斯·杰基尔设计，后经惠斯勒重新装饰，与青花收藏的展示密切相关。 不同历史语境 外销】,生产/历史语境,有共用背景来源，需逐论述定位,保持已发布正文；核对具体引文定位、对象关联及分类，不作批量改写。,仅审查；保持已发布正文，不授权覆盖,P3,正文/书目可先保留，核引与细节检查优先于扩写,True
水运与瓷业运输,river-transport,窑址与城市空间,当前主要说明主题价值或研究用途，读者仍缺具体机制、历史实例与对应证据。【水运把城市生产中心与原料、燃料和贸易节点连接起来。】；正文与摘要完全相同；未超出摘要回答问题。【水运把城市生产中心与原料、燃料和贸易节点连接起来。】,跨区域比较/外围资料,有共用背景来源，需逐论述定位,选择一个有直接依据的具体例子或概念解释；不补推测年代、因果或贸易路线。,有条件候选；取得直接证据和逐条diff后才请求批准,P2,补主题解释前需直接证据，不以字数为目标,False
邢窑,xing-kiln,窑址,现有概述未清楚区分单一遗址、产区或区域陶瓷传统；景德镇联系与当地生产史须分证。【唐代北方白瓷重要窑业中心。 中国古代白瓷技术谱系的重要组成部分。】；5806是浙江越窑/龙泉窑预备名单，不是本站此主题的独立介绍；若用于中国影响比较需限定到页面实际论述。【https://whc.unesco.org/en/tentativelists/5806/】,跨区域比较/外围资料,有共用背景来源，需逐论述定位,依遗址/馆方研究解释生产与比较角度，不从纹样相似推直接技术传播。 将5806的用途限定到越窑/龙泉比较，其他史实另找直接出处。,有条件候选；取得直接证据和逐条diff后才请求批准,P1,核心理解/对象观察或背景来源范围需要改善,False
欧洲与景德镇瓷器,europe-jingdezhen,全球,当前主要说明主题价值或研究用途，读者仍缺具体机制、历史实例与对应证据。【十六世纪以后景德镇瓷器大量进入欧洲。】；正文与摘要完全相同；未超出摘要回答问题。【十六世纪以后景德镇瓷器大量进入欧洲。】,生产/历史语境,有共用背景来源，需逐论述定位,选择一个有直接依据的具体例子或概念解释；不补推测年代、因果或贸易路线。,有条件候选；取得直接证据和逐条diff后才请求批准,P2,补主题解释前需直接证据，不以字数为目标,False
甜白瓷,sweet-white-porcelain,器物,现有正式稿有主题解释及来源限度；本轮尚无足够证据认定必须重写，逐项外部核验未完成。【永乐器物的参照 孙悦的故宫研究展示明永乐甜白釉暗花缠枝莲纹梅瓶，说明白釉器并不必然没有装饰。暗花在透明或半透明釉层下形成含蓄层次，观看时需要结合光线与器体曲面。 后来的再利用 同文还讨论清代利用永乐甜白器作胎加绘珐琅彩的情况。器胎制造和后加装饰可能属于不同年代，因此一件器物的历史有时不能只写一个朝代标签。 与其他白瓷比较 “甜白”是特定历史和鉴赏语境中的名称，不能泛指所有白色瓷器。比较时要核对馆方定名、时代、胎釉和装饰，不能凭照片中的白】,跨区域比较/外围资料,已有出处，尚未完成逐论述外部复核,保持已发布正文；核对具体引文定位、对象关联及分类，不作批量改写。,仅审查；保持已发布正文，不授权覆盖,P3,正文/书目可先保留，核引与细节检查优先于扩写,True
面向日本市场的景德镇瓷,japanese-export-porcelain,东亚,现有正式稿有主题解释及来源限度；本轮尚无足够证据认定必须重写，逐项外部核验未完成。【两种不同的产地关系 面向日本市场的景德镇瓷器在中国制作，经贸易进入日本，其形制和装饰可能与当地使用习惯有关。它们与日本制造并向海外销售的瓷器具有不同的产地和流通背景。 可核对的实例 V&A青花专题列出1621—1627年景德镇制造、面向日本市场的盘，馆藏号FE.6-1982。该例提供了明确的制作地和年代，比只按日式命名称呼一组器物更适合建立跨地域比较。 比较方法 专题还介绍有田器及其与中国纹样的联系，但其中某些图案来自福建传统。研究中国】,生产/历史语境,有共用背景来源，需逐论述定位,保持已发布正文；核对具体引文定位、对象关联及分类，不作批量改写。,仅审查；保持已发布正文，不授权覆盖,P3,正文/书目可先保留，核引与细节检查优先于扩写,True
瓷石,porcelain-stone,工艺,现有正式稿有主题解释及来源限度；本轮尚无足够证据认定必须重写，逐项外部核验未完成。【原料性质与加工 瓷石是岩石性原料的名称，并不表示它只含一种矿物。不同矿源及风化程度带来组成差异，开采后还需经过破碎、舂磨、淘洗等处理，取得可配制的细料。原料的可塑性、助熔作用和高温稳定性共同影响制瓷，不能仅用“白色的石头”概括。 与配方史的关系 2020年二元配方研究特别区分伴生高岭土的瓷石与人为把瓷石、高岭土混合的做法。前者即使在化学分析中呈现较高铝含量，按该文的定义仍可能属于一元原料体系。讨论元明瓷胎技术时，因此需要同时看矿源和人为】,生产/历史语境,已有出处，尚未完成逐论述外部复核,保持已发布正文；核对具体引文定位、对象关联及分类，不作批量改写。,仅审查；保持已发布正文，不授权覆盖,P3,正文/书目可先保留，核引与细节检查优先于扩写,True
高岭土,kaolin-clay,工艺,正文已区分高岭土材料与人为混配年代争议，无需按短文阈值扩写。【在制瓷中的作用 高岭土是以高岭石类黏土矿物为重要组成的原料。它与瓷石在矿物组成及烧成行为上有差别；加入坯料时须与成型性能、烧结和器形要求相配合，不能把“高岭土越多”直接等同于瓷器越优质。 开发史与争论 肖红艳等人的2020年论文将文献记载、矿源和瓷胎成分结合讨论，涉及明嘉靖至万历时期高岭土开发，并提出真正人为二元配方形成于明末清初的解释。这一结论与常见综述中的元代起源说并不完全一致，差别首先在于怎样定义二元配方。高岭土矿遗址、历史名物“】,核心入门入口,已有出处，尚未完成逐论述外部复核,保留稿件，采用已有高岭矿区与原料工序路径。,仅审查；保持已发布正文，不授权覆盖,P3,正文/书目可先保留，核引与细节检查优先于扩写,True
景德镇高温红釉,red-glaze-jingdezhen,器物,现有正式稿有主题解释及来源限度；本轮尚无足够证据认定必须重写，逐项外部核验未完成。【铜红釉的工艺问题 高温铜红不是向透明釉中加入红色颜料便能直接获得的效果。铜在釉中的状态与基础釉组成、烧成条件相互作用，成色可能伴随浓淡、斑驳和局部变化。因此，制作红釉既涉及原料配制，也依赖对窑内条件的控制。 不同品种 祭红、郎窑红、豇豆红等名称对应不同的历史使用和外观特征，不能当作可任意互换的同义词。故宫康熙郎窑红器提供观察釉层流动、口沿和积釉的具体实例；与其他红釉品种比较时，还须核对器型、胎釉及馆方定名。 资料来源 中国非物质文化遗产】,生产/历史语境,已有出处，尚未完成逐论述外部复核,保持已发布正文；核对具体引文定位、对象关联及分类，不作批量改写。,仅审查；保持已发布正文，不授权覆盖,P3,正文/书目可先保留，核引与细节检查优先于扩写,True
御窑管理制度,imperial-kiln-management,历史,现有正式稿有主题解释及来源限度；本轮尚无足够证据认定必须重写，逐项外部核验未完成。【需求如何进入生产 御窑并不只是一座窑炉，而是组织制坯、绘饰、装烧和成品选择的生产体系。器型及纹饰要求需通过工匠和不同作业环节落实，管理与技术因此相互交织。 考古提供的观察 御窑厂遗迹中成型、加彩作坊及废弃堆积的位置，为研究生产组织提供空间证据。北京大学介绍的明代中期加彩作坊和半成品，尤其显示釉上装饰在整个系统中的位置。 制度变化 不同时期的官作、民窑生产和场地使用关系不能用一套静止制度概括。考古资料所见晚明御窑停烧与后来民窑活动，提示机】,生产/历史语境,已有出处，尚未完成逐论述外部复核,保持已发布正文；核对具体引文定位、对象关联及分类，不作批量改写。,仅审查；保持已发布正文，不授权覆盖,P3,正文/书目可先保留，核引与细节检查优先于扩写,True
年款与官窑款识,reign-marks,全球,官窑款识归“全球”；与瓷器款识主题接近，需说明阅读分工。【永乐与宣德的例子 故宫研究所述永乐四字篆书年款包括不同制作方式，宣德六字年款则体现更为明确的官款规范。制度化过程应从有明确年代的器物群观察，不应把单件款式视为所有窑场同时遵循的规则。 清代仿古 清代御窑持续仿制永宣瓷器，内容可以包括器型、纹饰、釉色和款识。前朝款在这种语境中与仿古意图有关，而不必然指示器物实际制作于前朝。 证据组合 判断年款时需要把书写、胎釉、烧造痕迹和流传记录放在一起。馆藏记录使用“款”与“时期”两个不同字段，正有助于】,跨区域比较/外围资料,已有出处，尚未完成逐论述外部复核,保留引述和仿古断代边界，只明确两个条目不同问题。,仅审查；保持已发布正文，不授权覆盖,P3,正文/书目可先保留，核引与细节检查优先于扩写,True
迈森瓷与景德镇,meissen-jingdezhen,全球,现有正式稿有主题解释及来源限度；本轮尚无足够证据认定必须重写，逐项外部核验未完成。【消费、仿制与研制 中国瓷器在欧洲被视作珍贵器物，刺激当地生产者寻找制造办法。BnF将1708年前后的迈森硬质瓷实验与殷弘绪1712年的景德镇书信并列叙述，两者接近却不是同一个过程。 原料与组织 迈森利用萨克森高岭土资源开展实验；景德镇则具有长期形成的矿源加工、制坯、绘饰和烧造分工。比较两个生产中心时，需要同时看物质条件和组织方式，不能只以外观相近推定配方相同。 知识流动 殷弘绪报告、杜赫德编纂和后来的中文陶瓷文献法译，使欧洲持续接触中国】,生产/历史语境,已有出处，尚未完成逐论述外部复核,保持已发布正文；核对具体引文定位、对象关联及分类，不作批量改写。,仅审查；保持已发布正文，不授权覆盖,P3,正文/书目可先保留，核引与细节检查优先于扩写,True
葡萄牙与中国瓷器贸易,portuguese-porcelain-trade,全球,现有正式稿有主题解释及来源限度；本轮尚无足够证据认定必须重写，逐项外部核验未完成。【欧洲进口的扩大 V&A指出，十六世纪大量青花瓷进入欧洲，首先通过葡萄牙商人，随后有荷兰东印度公司及其他贸易者参与。这个过程扩大了欧洲消费者接触中国瓷器的范围，并为后来的外销产品变化提供市场条件。 产地与航路 景德镇是重要生产地，但内陆制造、国内运输、沿海贸易和海外销售是不同环节。某件器物的景德镇产地记录，并不能独立说明其所经港口、船只或经营者。 对象研究 葡萄牙订制或转运瓷器的认定，需要器形、纹章、文献和出土背景等证据。贸易概述可以说明】,生产/历史语境,有共用背景来源，需逐论述定位,保持已发布正文；核对具体引文定位、对象关联及分类，不作批量改写。,仅审查；保持已发布正文，不授权覆盖,P3,正文/书目可先保留，核引与细节检查优先于扩写,True
五代—宋：湖田窑与青白瓷,five-dynasties-song,历史,现有正式稿有主题解释及来源限度；本轮尚无足够证据认定必须重写，逐项外部核验未完成。【五代至宋代，景德镇窑业逐步发展，湖田等窑址成为研究这一时期生产的重要材料。宋代青白瓷以浅青色透明釉和较白胎体形成鲜明特点，器形、刻划与模印装饰以及窑具变化，显示出当地制瓷技术与产品组织的发展。 青白瓷：胎、釉与装饰的结合 青白瓷的视觉效果来自白色胎体与带青色调的釉层。观察时应区分胎色、釉色与积釉处的颜色：釉层厚薄变化会强化刻划纹样和器表起伏的可见性。不能把“青白”简单理解为在白瓷上涂了一层蓝色颜料。国家非遗资料记载，宋代景德镇成型体系已】,生产/历史语境,已有出处，尚未完成逐论述外部复核,保持已发布正文；核对具体引文定位、对象关联及分类，不作批量改写。,仅审查；保持已发布正文，不授权覆盖,P3,正文/书目可先保留，核引与细节检查优先于扩写,True
《天工开物》,tian-gong-kai-wu,文献,当前为书目/研究入口；需检查版本、作者、卷期及可读范围，不能因短而自动扩写。【《天工开物》是明代宋应星编撰的重要技术文献，其中《陶埏》等篇记载了制瓷所涉及的原料、制坯和烧造等生产知识，是研究中国传统手工业的重要史料。 技术知识的记录 《天工开物》的价值不仅在于保存具体工艺描述，也在于展示明代如何记录、分类和传播生产知识。书中的陶瓷记载把材料、劳动和生产过程联系在一起。 与景德镇研究的关系 将《天工开物》与景德镇考古遗址、地方志和陶业文献进行比较，可以区分一般性的制瓷技术记载与景德镇具体生产实践。 史料边界 古籍具】,史料追溯入口,已有出处，尚未完成逐论述外部复核,补可核实书目字段与对应研究问题；没有全文不填页码/实验结论。,有条件候选；取得直接证据和逐条diff后才请求批准,P3,正文/书目可先保留，核引与细节检查优先于扩写,False
张松茂,zhang-songmao,人物,现有正式稿有主题解释及来源限度；本轮尚无足够证据认定必须重写，逐项外部核验未完成。【创作方向 中国轻工业陶瓷研究所2021年人物资料记载，张松茂1934年生于景德镇，长期从事陶瓷美术创作与研究，尤重釉上粉彩。人物、山水和花鸟在他的创作中并行，不能只用一种题材概括。 作品与交流 机构资料列出《花木兰从军》《三顾茅庐》《黄山飞瀑》等作品，并记述1997年《紫归牡怀图》作为江西赠香港特别行政区成立礼品，以及与日本陶艺家浦上善次合作瓷壁画《庐山骏马图》。这些记录使其艺术活动具有具体对象和交流背景。 人物研究 资料还记载1959】,生产/历史语境,已有出处，尚未完成逐论述外部复核,保持已发布正文；核对具体引文定位、对象关联及分类，不作批量改写。,仅审查；保持已发布正文，不授权覆盖,P3,正文/书目可先保留，核引与细节检查优先于扩写,True
李政道,li-zhengdao,人物,正文已区分2022年报道与题词日期，不能从报道日期填访问年代。【地方资料中的题词 景德镇市公路事业发展中心2022年参观报道将李政道题词与陶瓷馆的对外展示联系起来。报道的核心是参观教育活动，并非李政道生平或科学工作的专门研究。 与陶瓷史的关系 题词反映知名访客对景德镇陶瓷的评价，可用于讨论博物馆传播与城市形象。它并不意味着题词者参与瓷器制作、材料研究或馆藏鉴定，不能据此扩写出生产史上的角色。 证据限度 现有材料属于地方报道对题词的转述，尚不足以确定原件、确切题写日期和完整访问经过。2022年是所引报】,生产/历史语境,已有出处，尚未完成逐论述外部复核,保持正式稿，不无依据补访问细节。,仅审查；保持已发布正文，不授权覆盖,P3,正文/书目可先保留，核引与细节检查优先于扩写,True
外销定制生产,export-kiln-production,历史,现有正式稿有主题解释及来源限度；本轮尚无足够证据认定必须重写，逐项外部核验未完成。【用途如何改变形制 V&A藏1680—1700年景德镇油醋壶（C.91-1956）模拟可分装油醋的欧洲玻璃调味器，说明外销变化不限于加画某种纹样，也涉及器体结构和使用功能。 成组陈设与装饰 该馆1662—1722年盖罐（C.113-1963）属于适应欧洲居室陈设的产品类型，装饰结合中国传统花卉、开光与欧洲人物因素。这类实例体现跨文化需求，但每件器物的具体委托人及订单仍需独立记录支持。 与一般外销的区别 器物在海外发现只能证明一定的流通或使】,生产/历史语境,有共用背景来源，需逐论述定位,保持已发布正文；核对具体引文定位、对象关联及分类，不作批量改写。,仅审查；保持已发布正文，不授权覆盖,P3,正文/书目可先保留，核引与细节检查优先于扩写,True
北京大学：景德镇明清御窑厂遗址,r03,文献,当前为书目/研究入口；需检查版本、作者、卷期及可读范围，不能因短而自动扩写。【资料性质 《北大考古与“百年百大考古发现”——景德镇明清御窑厂遗址》为北京大学考古文博学院发布的机构介绍，涉及2002—2004年及2014年考古工作。它提供发掘概况和研究认识，性质有别于完整考古报告。 主要内容 2014年发掘约400平方米，发现64处遗迹，地层从元末延续到清末民国；文章讨论御窑建立时期、明代中期加彩作坊与半成品，以及晚明御窑停烧后民窑活动等问题。 使用方式 本资料适合作为生产布局与年代序列的入门来源。若需引用具体探方】,史料追溯入口,已有出处，尚未完成逐论述外部复核,补可核实书目字段与对应研究问题；没有全文不填页码/实验结论。,仅审查；保持已发布正文，不授权覆盖,P3,正文/书目可先保留，核引与细节检查优先于扩写,True
Robert Finlay（罗伯特·芬雷）,robert-finlay,人物,正文提供有限人物联系；身份、作品/活动与日期须分别核实，已有来源未完成逐项支持检查。【美国历史学家，研究瓷器贸易与全球史中的景德镇。】；正文与摘要完全相同；未超出摘要回答问题。【美国历史学家，研究瓷器贸易与全球史中的景德镇。】,生产/历史语境,已有出处，尚未完成逐论述外部复核,核对直接职业/馆方档案，补有依据的重要性；不由题词/到访推定制瓷贡献。,有条件候选；取得直接证据和逐条diff后才请求批准,P2,补主题解释前需直接证据，不以字数为目标,False
《粉彩工艺与艺术风格的演变》,r25,文献,当前为书目/研究入口；需检查版本、作者、卷期及可读范围，不能因短而自动扩写。【书目与阅读范围 汪凌川：《粉彩工艺与艺术风格的演变》，清华大学博士论文，2013年；公开记录显示答辩日期为2013年12月19日，导师郑宁，学科设计学，页数170。可查资料为图书馆公开摘要，以下研究介绍限于摘要所述范围。 研究问题 论文讨论粉彩的技术形成和长期演变，将康熙晚期形成、雍正时期成熟与清宫画珐琅及景德镇五彩的关系放在一起解释。 分析框架 摘要说明研究从工艺技术、艺术形式和文化情境展开，包括彩料、彩绘和纹饰彩烧，分别讨论官窑与民】,史料追溯入口,明确限于摘要或概述；全文论证尚未检查,补可核实书目字段与对应研究问题；没有全文不填页码/实验结论。,仅审查；保持已发布正文，不授权覆盖,P3,正文/书目可先保留，核引与细节检查优先于扩写,True
钧窑·禹州,jun-kiln,窑址,现有正式稿有主题解释及来源限度；本轮尚无足够证据认定必须重写，逐项外部核验未完成。【窑场、产品与概念 钧窑可以狭义地指河南古钧州、今禹州一带的相关窑场，也可在较宽范围内指生产钧釉器的窑业。名称在历史上的所指并不固定。讨论时应区别碗、盘等器皿类钧瓷与花盆、盆托、出戟尊等陈设类、数码类产品。 釉色与工艺 故宫2013年研讨会综述把钧釉描述为具有乳浊效果的釉，包含天青、天蓝、月白及带铜红窑变的不同面貌。会议现场施釉演示提示，“蚯蚓走泥纹”可以与施釉后干燥阶段的釉层开裂联系，并非只能由胎体裂纹形成；这一现代演示不直接证明所有古】,生产/历史语境,已有出处，尚未完成逐论述外部复核,保持已发布正文；核对具体引文定位、对象关联及分类，不作批量改写。,仅审查；保持已发布正文，不授权覆盖,P3,正文/书目可先保留，核引与细节检查优先于扩写,True
《景德镇瓷器生产“二元配方”起源初探——兼论高岭土开发史》,r11,文献,当前为书目/研究入口；需检查版本、作者、卷期及可读范围，不能因短而自动扩写。【书目信息 肖红艳、艾沁哲、崔剑锋：《景德镇瓷器生产“二元配方”起源初探——兼论高岭土开发史》，《故宫博物院院刊》2020年第5期，第23—33页。原文可通过公开PDF查阅。 研究问题与方法 作者回顾唐五代、南宋、元代与明代起源等不同观点，将历史文献、地质材料和历年考古出土瓷胎的成分数据联系起来。问题不只是瓷胎中有没有较高铝含量，而是这些变化能否证明工匠人为加入另一种原料。 主要解释 论文认为元明时期“御土”“麻仓土”等可能属于伴生高岭土】,史料追溯入口,已有出处，尚未完成逐论述外部复核,补可核实书目字段与对应研究问题；没有全文不填页码/实验结论。,仅审查；保持已发布正文，不授权覆盖,P3,正文/书目可先保留，核引与细节检查优先于扩写,True
明：御窑厂与官作体系,ming-imperial-kiln,历史,现有正式稿有主题解释及来源限度；本轮尚无足够证据认定必须重写，逐项外部核验未完成。【明代景德镇御窑厂承担宫廷用瓷生产，是研究官作制度与御用瓷工艺的重要对象。遗址中的作坊、窑炉、窑具与落选瓷片，能够与传世器物和历史记载互相参照，反映生产组织、质量控制及不同阶段的技术变化。 御器厂的年代与空间 北京大学考古文博学院介绍，2002—2004年发掘揭露御窑厂围墙、窑炉、辘轳坑和落选御用瓷片坑。2014年发掘位于遗址中部西侧，面积400平方米，清理作坊、灰坑、房址、道路、庭院等遗迹64处，地层从元代后期延续至清末民国。该文据元代】,生产/历史语境,已有出处，尚未完成逐论述外部复核,保持已发布正文；核对具体引文定位、对象关联及分类，不作批量改写。,仅审查；保持已发布正文，不授权覆盖,P3,正文/书目可先保留，核引与细节检查优先于扩写,True
荷兰东印度公司与瓷器贸易,dutch-east-india-company,全球,现有正式稿有主题解释及来源限度；本轮尚无足够证据认定必须重写，逐项外部核验未完成。【在贸易中的位置 V&A青花专题概述欧洲进口中国瓷器的扩大，先涉及葡萄牙商人，随后包括荷兰东印度公司和其他贸易者。公司参与的是连接亚洲产地、港口和欧洲市场的贸易网络，并不能据此推定每件外销瓷都经过该公司。 产品与市场 十七世纪中国和日本均有面向欧洲出口的陶瓷生产。克拉克瓷、借鉴欧洲形制的器物及室内陈设瓷，展示贸易需求与产品变化的联系。确认某件器物是否属于公司订单，还需合同、货单、沉船或可靠收藏记录等更具体的证据。 资料来源 V&A：Chi】,跨区域比较/外围资料,有共用背景来源，需逐论述定位,保持已发布正文；核对具体引文定位、对象关联及分类，不作批量改写。,仅审查；保持已发布正文，不授权覆盖,P3,正文/书目可先保留，核引与细节检查优先于扩写,True
柳宗元,liu-zongyuan,人物,“早期景德镇贡瓷直接文字”将《进瓷器状》的贡瓷产地归到景德镇，需要原文与产地研究辨析。【唐代文学家。为饶州刺史元崔代作《进瓷器状》，留下早期关于景德镇贡瓷质量的直接文字。】；正文与摘要完全相同；未超出摘要回答问题。【唐代文学家。为饶州刺史元崔代作《进瓷器状》，留下早期关于景德镇贡瓷质量的直接文字。】,生产/历史语境,已有出处，尚未完成逐论述外部复核,馆方概述不足以闭合具体窑口；核对元崔与饶州贡瓷的原文语境，保留观点归属。,有条件候选；取得直接证据和逐条diff后才请求批准,P2,补主题解释前需直接证据，不以字数为目标,False
《耶稣会士书信集》中的景德镇报告,lettres-edifiantes-porcelaine,文献,当前为书目/研究入口；需检查版本、作者、卷期及可读范围，不能因短而自动扩写。【文献构成 法国国家图书馆介绍，殷弘绪1712年信及续信讨论景德镇瓷器生产，其中较早的信刊入《耶稣会士书信集》第10卷第131—176页。具体版本及后续译本仍须区分，页码不能跨版本套用。 记录的问题 通信关心的并非只有名贵成品，还包括高岭土如何抵达制瓷中心、制成一件器物怎样经由多名劳动者，以及分工如何影响制作速度。它把技术步骤与城市生产组织联系起来，为劳动史和知识史提供材料。 传播与限制 资料后来被杜赫德和欧洲百科知识编纂吸收。书信是特定】,史料追溯入口,已有出处，尚未完成逐论述外部复核,补可核实书目字段与对应研究问题；没有全文不填页码/实验结论。,仅审查；保持已发布正文，不授权覆盖,P3,正文/书目可先保留，核引与细节检查优先于扩写,True
湖田窑,hutian-kiln,窑址,现有正文解释生产、地层与配方分歧，核心稿可保留。【湖田窑是景德镇重要的古代窑址，其遗存为研究当地青白瓷生产及窑业演变提供了考古材料。瓷片、窑具、作坊遗迹和地层关系，使研究者能够把器物类型与制作、装烧和生产年代联系起来；具体器物归属仍需结合层位与发掘记录判断。 青白瓷与生产方法 青白瓷把白胎、带青色调的釉和刻划或模印装饰结合起来。釉层在纹样凹处积聚，会影响观看到的颜色与层次。器型、装饰和釉面应联合观察，不能只根据一种青绿色调认定产地。 国家非遗项目介绍，宋代景德镇已采用拉坯、印坯、利坯、】,核心入门入口,已有出处，尚未完成逐论述外部复核,正式考古报告未全文查阅，不补探方号/精确始烧日期。,仅审查；保持已发布正文，不授权覆盖,P3,正文/书目可先保留，核引与细节检查优先于扩写,True
田鹤仙,tian-hexian,人物,正文提供有限人物联系；身份、作品/活动与日期须分别核实，已有来源未完成逐项支持检查。【田鹤仙以梅花题材著称，是近代景德镇文人瓷画的重要人物。 近代瓷画家、珠山八友成员。】,生产/历史语境,已有出处，尚未完成逐论述外部复核,核对直接职业/馆方档案，补有依据的重要性；不由题词/到访推定制瓷贡献。,有条件候选；取得直接证据和逐条diff后才请求批准,P2,补主题解释前需直接证据，不以字数为目标,False
李日华,li-rihua,人物,正文提供有限人物联系；身份、作品/活动与日期须分别核实，已有来源未完成逐项支持检查。【明代文人，曾在《紫桃轩杂缀》中记述景德镇制瓷名家吴昊十九。】；正文与摘要完全相同；未超出摘要回答问题。【明代文人，曾在《紫桃轩杂缀》中记述景德镇制瓷名家吴昊十九。】,生产/历史语境,已有出处，尚未完成逐论述外部复核,核对直接职业/馆方档案，补有依据的重要性；不由题词/到访推定制瓷贡献。,有条件候选；取得直接证据和逐条diff后才请求批准,P2,补主题解释前需直接证据，不以字数为目标,False
The Pilgrim Art: Cultures of Porcelain in World History,pilgrim-art,文献,当前为书目/研究入口；需检查版本、作者、卷期及可读范围，不能因短而自动扩写。【Robert Finlay的现代研究，从全球贸易、收藏、消费与文化交流角度重新理解瓷器史。 这部研究把中国瓷器放入全球流通、消费、模仿和文化转译的历史中。】,史料追溯入口,已有出处，尚未完成逐论述外部复核,补可核实书目字段与对应研究问题；没有全文不填页码/实验结论。,有条件候选；取得直接证据和逐条diff后才请求批准,P3,正文/书目可先保留，核引与细节检查优先于扩写,False
谢旻,xie-min,人物,正文提供有限人物联系；身份、作品/活动与日期须分别核实，已有来源未完成逐项支持检查。【清代地方文献作者，记述景德镇制陶业的广泛吸引力。】；正文与摘要完全相同；未超出摘要回答问题。【清代地方文献作者，记述景德镇制陶业的广泛吸引力。】,生产/历史语境,已有出处，尚未完成逐论述外部复核,核对直接职业/馆方档案，补有依据的重要性；不由题词/到访推定制瓷贡献。,有条件候选；取得直接证据和逐条diff后才请求批准,P2,补主题解释前需直接证据，不以字数为目标,False
粉彩瓷,fencai,器物,现有正式稿有主题解释及来源限度；本轮尚无足够证据认定必须重写，逐项外部核验未完成。【粉彩是景德镇重要的釉上彩装饰类型。彩料在已经烧成的釉面上绘饰，再经彩烧固定，能够呈现柔和色调、层次和细致的绘画效果。它的发展与彩料、绘饰技法及官民窑的艺术风格相关，不同年代和作坊的具体做法并不完全相同。 形成的历史背景 汪凌川2013年博士论文摘要将粉彩工艺的形成置于康熙晚期，成熟置于雍正时期，认为其受到清宫画珐琅和景德镇传统五彩的双重影响。这个解释把材料技术和宫廷、窑场之间的联系一起讨论，而不是把粉彩简单写成一次孤立的颜色发明。 1 】,核心入门入口,明确限于摘要或概述；全文论证尚未检查,保持已发布正文；核对具体引文定位、对象关联及分类，不作批量改写。,仅审查；保持已发布正文，不授权覆盖,P3,正文/书目可先保留，核引与细节检查优先于扩写,True
宜兴窑,yixing-kiln,窑址,现有概述未清楚区分单一遗址、产区或区域陶瓷传统；景德镇联系与当地生产史须分证。【宜兴是中国东部重要的陶业中心，以紫砂和炻器传统著称。宜兴窑的器物既具有地方生产特色，也进入东亚茶文化和近代欧洲收藏与仿制的历史。 生产传统 宜兴紫砂器属于炻器体系，与景德镇以瓷器为核心的生产传统不同。17世纪以后，宜兴茶壶成为跨区域收藏、消费和模仿的重要对象。 与景德镇的关系 宜兴与景德镇体现了中国陶瓷生产的多中心格局。景德镇以瓷器生产和全球贸易著称，宜兴则以炻器、紫砂和茶具文化形成另一条发展路径。 欧洲影响 大都会艺术博物馆关于欧洲瓷】,生产/历史语境,已有出处，尚未完成逐论述外部复核,依遗址/馆方研究解释生产与比较角度，不从纹样相似推直接技术传播。,有条件候选；取得直接证据和逐条diff后才请求批准,P3,正文/书目可先保留，核引与细节检查优先于扩写,False
高岭土矿采掘区,gaoling-mining,窑址,现有概述未清楚区分单一遗址、产区或区域陶瓷传统；景德镇联系与当地生产史须分证。【高岭土矿采掘区是景德镇手工制瓷原料体系的重要组成部分。高岭矿区与瓷土开采和加工有关，其历史发展与景德镇瓷业所需原料的供应密切相关。 原料供应链 UNESCO将高岭瓷土采掘区列为景德镇手工瓷业世界遗产的组成部分之一，说明原料开采与窑址、城市生产中心、燃料和运输共同构成完整的手工瓷业系统。 高岭土概念的历史 现代材料学中的“高岭土”名称与高岭矿区存在词源和历史联系，但历史矿物组成、开采年代以及制瓷配方的变化不能仅由名称推断。具体问题需要结合】,生产/历史语境,有共用背景来源，需逐论述定位,依遗址/馆方研究解释生产与比较角度，不从纹样相似推直接技术传播。,有条件候选；取得直接证据和逐条diff后才请求批准,P3,正文/书目可先保留，核引与细节检查优先于扩写,False
臧应选,zang-yingxuan,人物,正文提供有限人物联系；身份、作品/活动与日期须分别核实，已有来源未完成逐项支持检查。【臧应选是清康熙时期与景德镇御窑管理有关的督陶官，其活动与康熙时期景德镇御窑生产及颜色釉传统相关。 御窑管理 故宫博物院资料将臧应选置于康熙时期景德镇御窑管理的制度背景中。康熙、雍正、乾隆时期的御窑生产在管理、仿古和技术创新等方面持续发展，臧应选所处时期属于这一制度发展的重要阶段。 臧窑与器物归属 后世常以“臧窑”等名称讨论与臧应选督陶时期有关的产品。研究具体器物时，应结合《景德镇陶录》、故宫馆藏研究及清代档案等资料，不能仅根据器物名称将】,生产/历史语境,已有出处，尚未完成逐论述外部复核,核对直接职业/馆方档案，补有依据的重要性；不由题词/到访推定制瓷贡献。,有条件候选；取得直接证据和逐条diff后才请求批准,P3,正文/书目可先保留，核引与细节检查优先于扩写,False
李先念,li-xiannian,人物,正文提供有限人物联系；身份、作品/活动与日期须分别核实，已有来源未完成逐项支持检查。【曾为景德镇国际陶瓷节题词。】；正文与摘要完全相同；未超出摘要回答问题。【曾为景德镇国际陶瓷节题词。】,生产/历史语境,已有出处，尚未完成逐论述外部复核,核对直接职业/馆方档案，补有依据的重要性；不由题词/到访推定制瓷贡献。,有条件候选；取得直接证据和逐条diff后才请求批准,P2,补主题解释前需直接证据，不以字数为目标,False
UNESCO：Jingdezhen Handicraft Porcelain Industry Sites / 景德镇手工瓷业遗存,r23,文献,当前为书目/研究入口；需检查版本、作者、卷期及可读范围，不能因短而自动扩写。【名录记录 UNESCO世界遗产中心页面列出景德镇手工瓷业遗存（Jingdezhen Handicraft Porcelain Industry Sites），编号1765，列入年份2026年，采用文化遗产标准(ii)、(iii)、(iv)、(vi)。列入状态与标准以世界遗产中心正式名录为依据。 遗产范围与价值 遗产由五个组成部分构成，体现十至十九世纪原料利用、瓷器生产和相关社会组织的联系。它将窑场放回原料、燃料及生产空间共同组成的系统中】,史料追溯入口,有共用背景来源，需逐论述定位,补可核实书目字段与对应研究问题；没有全文不填页码/实验结论。,仅审查；保持已发布正文，不授权覆盖,P3,正文/书目可先保留，核引与细节检查优先于扩写,True
陈淯,chen-yu,人物,正文提供有限人物联系；身份、作品/活动与日期须分别核实，已有来源未完成逐项支持检查。【清代地方文献作者，记述景德镇因陶业而形成的都会景象。】；正文与摘要完全相同；未超出摘要回答问题。【清代地方文献作者，记述景德镇因陶业而形成的都会景象。】,生产/历史语境,已有出处，尚未完成逐论述外部复核,核对直接职业/馆方档案，补有依据的重要性；不由题词/到访推定制瓷贡献。,有条件候选；取得直接证据和逐条diff后才请求批准,P2,补主题解释前需直接证据，不以字数为目标,False
彭器资,peng-qizi,人物,正文提供有限人物联系；身份、作品/活动与日期须分别核实，已有来源未完成逐项支持检查。【北宋诗人、文臣。其《送许屯田》诗留下了现存较早的景德镇地区制瓷赞语之一。】；正文与摘要完全相同；未超出摘要回答问题。【北宋诗人、文臣。其《送许屯田》诗留下了现存较早的景德镇地区制瓷赞语之一。】,生产/历史语境,已有出处，尚未完成逐论述外部复核,核对直接职业/馆方档案，补有依据的重要性；不由题词/到访推定制瓷贡献。,有条件候选；取得直接证据和逐条diff后才请求批准,P2,补主题解释前需直接证据，不以字数为目标,False
景德镇窑,jingdezhen,窑址,已解释生产体系与全球联系；配方创新概述需与既有争论专题对读。【景德镇窑是以景德镇为核心形成的长期陶瓷生产体系。它并非单一窑址，而是由原料、燃料、窑炉、作坊、工匠、运输和销售等环节共同组成的城市生产网络。 生产体系的形成 景德镇区域的制瓷传统经过长期发展，逐渐形成稳定的原料供应和生产组织。UNESCO关于景德镇手工瓷业遗产的叙述指出，10至13世纪的技术整合为青白瓷生产和早期生产中心形成提供了基础；13至19世纪又出现二元配方、新型窑炉以及钴料和釉上彩等技术发展。 城市与全球贸易 16世纪以后，景德】,核心入门入口,有共用背景来源，需逐论述定位,不重写；入口用现有配方争议专题避免读者误解为研究一致结论。,有条件候选；取得直接证据和逐条diff后才请求批准,P3,正文/书目可先保留，核引与细节检查优先于扩写,False
朝鲜半岛陶瓷,korea-ceramics,窑址,现有概述未清楚区分单一遗址、产区或区域陶瓷传统；景德镇联系与当地生产史须分证。【从陶器、青瓷到白瓷形成连续的东亚陶瓷史脉络。】；5806是浙江越窑/龙泉窑预备名单，不是本站此主题的独立介绍；若用于中国影响比较需限定到页面实际论述。【https://whc.unesco.org/en/tentativelists/5806/】,跨区域比较/外围资料,有共用背景来源，需逐论述定位,依遗址/馆方研究解释生产与比较角度，不从纹样相似推直接技术传播。 将5806的用途限定到越窑/龙泉比较，其他史实另找直接出处。,有条件候选；取得直接证据和逐条diff后才请求批准,P1,核心理解/对象观察或背景来源范围需要改善,False
瓷业码头,porcelain-wharf,窑址与城市空间,当前主要说明主题价值或研究用途，读者仍缺具体机制、历史实例与对应证据。【码头和河流连接生产中心与外部贸易。】；正文与摘要完全相同；未超出摘要回答问题。【码头和河流连接生产中心与外部贸易。】,跨区域比较/外围资料,有共用背景来源，需逐论述定位,选择一个有直接依据的具体例子或概念解释；不补推测年代、因果或贸易路线。,有条件候选；取得直接证据和逐条diff后才请求批准,P2,补主题解释前需直接证据，不以字数为目标,False
黄云鹏,huang-yunpeng,人物,现有正式稿有主题解释及来源限度；本轮尚无足够证据认定必须重写，逐项外部核验未完成。【学习与文博工作 景德镇陶瓷大学校友资料记载，黄云鹏1962年入学学习陶瓷美术，毕业后到景德镇陶瓷馆从事古陶瓷研究。他的学习与工作经历说明，传统工艺研究也通过现代学校和文博机构组织起来。 工艺再现与经营 该资料记述其1993年创办景德镇佳洋陶瓷有限公司，并列有《元青花研究》《元青花探究与工艺再现》《景德镇民间青花瓷器》等著述。仿古制作在这里是研究和实践的一种方式，现代再现作品应与古代原件明确区分。 使用资料 校友介绍可以支持经历与研究方向】,生产/历史语境,已有出处，尚未完成逐论述外部复核,保持已发布正文；核对具体引文定位、对象关联及分类，不作批量改写。,仅审查；保持已发布正文，不授权覆盖,P3,正文/书目可先保留，核引与细节检查优先于扩写,True
占绍林,zhan-shaolin,人物,正文提供有限人物联系；身份、作品/活动与日期须分别核实，已有来源未完成逐项支持检查。【占绍林是现代景德镇陶瓷艺术与创作体系中的人物。 现代景德镇陶瓷艺术人物。】,生产/历史语境,已有出处，尚未完成逐论述外部复核,核对直接职业/馆方档案，补有依据的重要性；不由题词/到访推定制瓷贡献。,有条件候选；取得直接证据和逐条diff后才请求批准,P2,补主题解释前需直接证据，不以字数为目标,False
《景德镇湖田窑址：1988—1999年考古发掘报告》,r01,文献,这是报告书目入口，不是报告全文；短正文不代表书目失效。【江西省文物考古研究所、景德镇民窑博物馆，文物出版社，2007。 湖田窑核心考古发掘报告。】,史料追溯入口,已有出处，尚未完成逐论述外部复核,仅补ISBN/版本等有书目信息支持的字段，不从书名生成发掘结论。,有条件候选；取得直接证据和逐条diff后才请求批准,P3,正文/书目可先保留，核引与细节检查优先于扩写,False
《景德镇明清御窑遗址：2002—2004年珠山北麓考古发掘报告》,r02,文献,书目链接可说明出版记录，不提供完整地层/图版。【景德镇御窑博物院、江西省文物考古研究院、北京大学考古文博学院，文物出版社，2026。 明清御窑遗址考古发掘报告。】,史料追溯入口,已有出处，尚未完成逐论述外部复核,保留书目入口，必要时取得全文再做史实引用。,有条件候选；取得直接证据和逐条diff后才请求批准,P3,正文/书目可先保留，核引与细节检查优先于扩写,False
伊斯兰世界与景德镇瓷,islamic-world-jingdezhen,全球,当前主要说明主题价值或研究用途，读者仍缺具体机制、历史实例与对应证据。【元明景德镇青花与伊斯兰世界市场之间的关系可通过器物与贸易研究。】；正文与摘要完全相同；未超出摘要回答问题。【元明景德镇青花与伊斯兰世界市场之间的关系可通过器物与贸易研究。】,生产/历史语境,有共用背景来源，需逐论述定位,选择一个有直接依据的具体例子或概念解释；不补推测年代、因果或贸易路线。,有条件候选；取得直接证据和逐条diff后才请求批准,P2,补主题解释前需直接证据，不以字数为目标,False
朝鲜半岛与景德镇青花,korean-jingdezhen-bluewhite,东亚,“传播比较入口”没有具体关系证据，易被读成直接技术传播。【朝鲜半岛青花生产可作为中国青花在东亚传播的比较入口。】；正文与摘要完全相同；未超出摘要回答问题。【朝鲜半岛青花生产可作为中国青花在东亚传播的比较入口。】,生产/历史语境,有共用背景来源，需逐论述定位,优先韩国博物馆/考古研究，先说明比较与输入器物，不推造工匠路线。,有条件候选；取得直接证据和逐条diff后才请求批准,P2,补主题解释前需直接证据，不以字数为目标,False
1909—1910：近代企业与陶业教育,modern-industry,历史,现有正式稿有主题解释及来源限度；本轮尚无足够证据认定必须重写，逐项外部核验未完成。【1909—1910年前后，景德镇近代陶业企业与教育实践相继展开，反映了传统瓷业寻求改良生产和培养技术人才的变化。企业组织、教学与制瓷经验开始形成新的联系，是理解近代景德镇产业转型的重要背景。 近代改良与中国陶业学堂 景德镇陶瓷大学校史资料记载，江西瓷业公司及中国陶业学堂的筹办与晚清陶业改良相联系。学校将“明白学理”和“精进技术”结合，设置试验窑、陶泥与制坯设施，并讨论机械制瓷和以煤窑替代柴窑的目标。学校早期地点和组织沿革须按校史核对，不】,生产/历史语境,已有出处，尚未完成逐论述外部复核,保持已发布正文；核对具体引文定位、对象关联及分类，不作批量改写。,仅审查；保持已发布正文，不授权覆盖,P3,正文/书目可先保留，核引与细节检查优先于扩写,True
清：御窑、彩瓷与颜色釉,qing-colors,历史,正文主要重复清代御窑和彩瓷概述，缺发展过程。【清代景德镇御窑、粉彩和颜色釉等装饰体系继续发展，相关文献记录了陶务、陶匠和色料等信息。 清代御窑制度与彩瓷、颜色釉发展。】,生产/历史语境,已有出处，尚未完成逐论述外部复核,先检查所引非遗URL是否与主题相符；沿用已有粉彩/御窑专题入口，不机械扩写。,有条件候选；取得直接证据和逐条diff后才请求批准,P2,补主题解释前需直接证据，不以字数为目标,False
田汉,tian-han,人物,正文提供有限人物联系；身份、作品/活动与日期须分别核实，已有来源未完成逐项支持检查。【现代戏剧家、诗人。曾以诗歌赞誉景德镇陶瓷艺术家及其作品。】；正文与摘要完全相同；未超出摘要回答问题。【现代戏剧家、诗人。曾以诗歌赞誉景德镇陶瓷艺术家及其作品。】,生产/历史语境,转述/汇编来源，需原始资料,核对直接职业/馆方档案，补有依据的重要性；不由题词/到访推定制瓷贡献。,有条件候选；取得直接证据和逐条diff后才请求批准,P2,补主题解释前需直接证据，不以字数为目标,False
2002—2014：御窑厂主动性考古,active-archaeology,历史,现有正式稿有主题解释及来源限度；本轮尚无足够证据认定必须重写，逐项外部核验未完成。【发掘与材料 北京大学公开资料介绍了景德镇明清御窑厂2002—2004年及2014年的考古工作。2014年发掘约400平方米，发现64处遗迹，包含从元末至清末民国的堆积。多时期遗存说明该空间经历了持续使用和改变。 重要认识 研究将明代中期加彩作坊及半成品与生产环节联系，并依据地层和出土组合讨论御窑建立时期。资料还显示晚明御窑停烧之后，相关区域仍有民窑活动，不能把官方机构变化简单写成整个景德镇生产的中断。 研究价值 考古把器物从孤立的艺术品】,生产/历史语境,已有出处，尚未完成逐论述外部复核,保持已发布正文；核对具体引文定位、对象关联及分类，不作批量改写。,仅审查；保持已发布正文，不授权覆盖,P3,正文/书目可先保留，核引与细节检查优先于扩写,True
1949—1966：生产制度与科技转型,industry-transition,历史,现有正式稿有主题解释及来源限度；本轮尚无足够证据认定必须重写，逐项外部核验未完成。【研究切入点 关于1949—1966年的专门研究将景德镇科技文献与此前及外地资料比较，讨论传统手工业向现代工业转型时的观念和技术变化。其关注点不只是产品风格，也包括问题怎样被提出、实验怎样被记录。 人员与机构 王锡良从美术合作社、工艺社进入研究机构，刘远长在1963年毕业后进入雕塑瓷厂，提供了不同人员进入现代生产和研究组织的具体例子。个人经历能够说明组织路径，但不能代表全部工种的统一经历。 分期与证据 1949—1966年是该论文选定的研】,生产/历史语境,明确限于摘要或概述；全文论证尚未检查,保持已发布正文；核对具体引文定位、对象关联及分类，不作批量改写。,仅审查；保持已发布正文，不授权覆盖,P3,正文/书目可先保留，核引与细节检查优先于扩写,True
利摩日瓷器,limoges-porcelain,窑址,唯一Met42490来源实际是中国元青花，不支持法国利摩日产区。【法国重要硬质瓷与工业瓷产区。 用于近现代欧洲瓷业的产业化比较。】；Met42490对象为元代景德镇青花莲池纹瓶，不能支持本地产区工业史。【https://www.metmuseum.org/art/collection/search/42490】,跨区域比较/外围资料,已确认存在错配来源,先补利摩日博物馆或制造史直接来源，后写当地生产与比较关系。,候选需要单独批准（来源字段优先，未拟SQL）,P0,来源错配、空正文或关键身份/日期证据缺口，先核查可靠性,False
耀州窑·黄堡,yaozhou-kiln,窑址,现有概述未清楚区分单一遗址、产区或区域陶瓷传统；景德镇联系与当地生产史须分证。【陕西铜川黄堡窑址是北方青瓷重要中心。 耀州窑可与湖田窑比较刻花、印花与青瓷工艺。】；5806是浙江越窑/龙泉窑预备名单，不是本站此主题的独立介绍；若用于中国影响比较需限定到页面实际论述。【https://whc.unesco.org/en/tentativelists/5806/】,跨区域比较/外围资料,有共用背景来源，需逐论述定位,依遗址/馆方研究解释生产与比较角度，不从纹样相似推直接技术传播。 将5806的用途限定到越窑/龙泉比较，其他史实另找直接出处。,有条件候选；取得直接证据和逐条diff后才请求批准,P1,核心理解/对象观察或背景来源范围需要改善,False
斯托克陶瓷,stoke-on-trent,窑址,唯一Met42490来源实际是中国元青花，不支持斯托克工业史。【英国陶瓷工业的重要城市区域。 展示陶瓷工业化、企业组织和规模生产。】；Met42490对象为元代景德镇青花莲池纹瓶，不能支持本地产区工业史。【https://www.metmuseum.org/art/collection/search/42490】,跨区域比较/外围资料,已确认存在错配来源,以英国博物馆/厂史核对城市生产；不推定具体产业因果。,候选需要单独批准（来源字段优先，未拟SQL）,P0,来源错配、空正文或关键身份/日期证据缺口，先核查可靠性,False
利川陶瓷,icheon-ceramics,窑址,现有概述未清楚区分单一遗址、产区或区域陶瓷传统；景德镇联系与当地生产史须分证。【韩国现代陶艺与传统陶瓷传承的重要地区。 用于近现代东亚传统工艺复兴与艺术陶瓷比较。】；5806是浙江越窑/龙泉窑预备名单，不是本站此主题的独立介绍；若用于中国影响比较需限定到页面实际论述。【https://whc.unesco.org/en/tentativelists/5806/】,跨区域比较/外围资料,有共用背景来源，需逐论述定位,依遗址/馆方研究解释生产与比较角度，不从纹样相似推直接技术传播。 将5806的用途限定到越窑/龙泉比较，其他史实另找直接出处。,有条件候选；取得直接证据和逐条diff后才请求批准,P1,核心理解/对象观察或背景来源范围需要改善,False
定窑·曲阳,ding-kiln,窑址,现有概述未清楚区分单一遗址、产区或区域陶瓷传统；景德镇联系与当地生产史须分证。【河北曲阳白瓷窑场，北宋时期达到高峰。 定窑代表北方白瓷的重要发展阶段。】；5806是浙江越窑/龙泉窑预备名单，不是本站此主题的独立介绍；若用于中国影响比较需限定到页面实际论述。【https://whc.unesco.org/en/tentativelists/5806/】,跨区域比较/外围资料,有共用背景来源，需逐论述定位,依遗址/馆方研究解释生产与比较角度，不从纹样相似推直接技术传播。 将5806的用途限定到越窑/龙泉比较，其他史实另找直接出处。,有条件候选；取得直接证据和逐条diff后才请求批准,P1,核心理解/对象观察或背景来源范围需要改善,False
万历青花花卉纹盖罐,wanli-bluewhite-jar,器物,当前主要为一两句概述，未提供足够的器形/纹饰观察和对应馆藏号；长短不是判定史实错误的依据。【大都会博物馆藏万历景德镇青花盖罐可用于研究晚明器型与青花装饰。】；正文与摘要完全相同；未超出摘要回答问题。【大都会博物馆藏万历景德镇青花盖罐可用于研究晚明器型与青花装饰。】；宣称此件器物归属/年代，但共用Met42507（宣德青花高足杯）和BM PDF.560（永乐铜红釉盘），没有提供所命名器物独立对象记录；这不证明器物不存在。【https://www.metmuseum.org/art/collection/search/42507】,具体展品观看入口,具体馆藏对象的证据链未闭合；有共用背景来源，需逐论述定位,先确定此题名是单件器物还是品类；单件据独立对象记录补观看提示，品类据专业研究解释特点。 优先找到此件真实馆藏号与对象页，不以共用两件不同器物支持该件身份。,候选需要单独批准（来源字段优先，未拟SQL）,P0,来源错配、空正文或关键身份/日期证据缺口，先核查可靠性,False
郭沫若,guo-moruo,人物,正文提供有限人物联系；身份、作品/活动与日期须分别核实，已有来源未完成逐项支持检查。【现代文学家、历史学家。20世纪中叶访问景德镇后留下多首与景德镇陶瓷有关的诗作。】；正文与摘要完全相同；未超出摘要回答问题。【现代文学家、历史学家。20世纪中叶访问景德镇后留下多首与景德镇陶瓷有关的诗作。】,生产/历史语境,已有出处，尚未完成逐论述外部复核,核对直接职业/馆方档案，补有依据的重要性；不由题词/到访推定制瓷贡献。,有条件候选；取得直接证据和逐条diff后才请求批准,P2,补主题解释前需直接证据，不以字数为目标,False
《清中期宫廷花鸟画风对粉彩花鸟装饰的影响》,r26,文献,当前为书目/研究入口；需检查版本、作者、卷期及可读范围，不能因短而自动扩写。【书目 马俐：《清中期宫廷花鸟画风对粉彩花鸟装饰的影响》，DOI：10.13957/j.cnki.tcxb.2016.03.020。阅读范围为期刊公开摘要。 主要解释 摘要将粉彩工艺基础联系康熙五彩与珐琅彩，同时强调康熙、雍正、乾隆时期宫廷花鸟画对装饰形式的影响。不同画种及中西绘画技法在宫廷汇集，是作者理解粉彩文化复合性的背景。 研究用途 该文适用于讨论材料技术与绘画风格怎样共同构成陶瓷装饰。某一件粉彩花鸟器是否直接取自某幅宫廷画，仍须逐】,史料追溯入口,明确限于摘要或概述；全文论证尚未检查,补可核实书目字段与对应研究问题；没有全文不填页码/实验结论。,仅审查；保持已发布正文，不授权覆盖,P3,正文/书目可先保留，核引与细节检查优先于扩写,True
磁州窑·观台,cizhou-kiln,窑址,现有概述未清楚区分单一遗址、产区或区域陶瓷传统；景德镇联系与当地生产史须分证。【磁州窑系重要民窑窑址，白地黑花等装饰具有代表性。 磁州窑把民窑、日用瓷和大众市场纳入陶瓷史。】；5806是浙江越窑/龙泉窑预备名单，不是本站此主题的独立介绍；若用于中国影响比较需限定到页面实际论述。【https://whc.unesco.org/en/tentativelists/5806/】,跨区域比较/外围资料,有共用背景来源，需逐论述定位,依遗址/馆方研究解释生产与比较角度，不从纹样相似推直接技术传播。 将5806的用途限定到越窑/龙泉比较，其他史实另找直接出处。,有条件候选；取得直接证据和逐条diff后才请求批准,P1,核心理解/对象观察或背景来源范围需要改善,False
《浮梁县志》乾隆四十八年（1783）刻本,r06,文献,当前为书目/研究入口；需检查版本、作者、卷期及可读范围，不能因短而自动扩写。【地方志中的“陶政”等资料可用于追踪景德镇行政、税政和陶业管理。 清代地方志资料。】；存在面向知识组织用途的说明，宜转成读者可理解的主题解释；不自动删除比较观点。【地方志中的“陶政”等资料可用于追踪景德镇行政、税政和陶业管理】,史料追溯入口,已有出处，尚未完成逐论述外部复核,补可核实书目字段与对应研究问题；没有全文不填页码/实验结论。,有条件候选；取得直接证据和逐条diff后才请求批准,P3,正文/书目可先保留，核引与细节检查优先于扩写,False
李约瑟（Joseph Needham）,joseph-needham,人物,正文提供有限人物联系；身份、作品/活动与日期须分别核实，已有来源未完成逐项支持检查。【英国科学史家。《中国科学技术史》研究中，他特别关注景德镇的制瓷工业与城市组织。】；正文与摘要完全相同；未超出摘要回答问题。【英国科学史家。《中国科学技术史》研究中，他特别关注景德镇的制瓷工业与城市组织。】,生产/历史语境,已有出处，尚未完成逐论述外部复核,核对直接职业/馆方档案，补有依据的重要性；不由题词/到访推定制瓷贡献。,有条件候选；取得直接证据和逐条diff后才请求批准,P2,补主题解释前需直接证据，不以字数为目标,False
官窑,guan-kiln,窑址,现有概述未清楚区分单一遗址、产区或区域陶瓷传统；景德镇联系与当地生产史须分证。【南宋宫廷用瓷体系的重要窑业传统。 官窑与景德镇后来的官窑制度可以放在制度史中比较。】；5806是浙江越窑/龙泉窑预备名单，不是本站此主题的独立介绍；若用于中国影响比较需限定到页面实际论述。【https://whc.unesco.org/en/tentativelists/5806/】,生产/历史语境,有共用背景来源，需逐论述定位,依遗址/馆方研究解释生产与比较角度，不从纹样相似推直接技术传播。 将5806的用途限定到越窑/龙泉比较，其他史实另找直接出处。,有条件候选；取得直接证据和逐条diff后才请求批准,P1,核心理解/对象观察或背景来源范围需要改善,False
哥窑,ge-kiln,窑址,现有概述未清楚区分单一遗址、产区或区域陶瓷传统；景德镇联系与当地生产史须分证。【宋代哥窑传统与开片青瓷研究相关。 哥窑条目保留传世品、窑址归属和学术争议的区分。】；5806是浙江越窑/龙泉窑预备名单，不是本站此主题的独立介绍；若用于中国影响比较需限定到页面实际论述。【https://whc.unesco.org/en/tentativelists/5806/】,跨区域比较/外围资料,有共用背景来源，需逐论述定位,依遗址/馆方研究解释生产与比较角度，不从纹样相似推直接技术传播。 将5806的用途限定到越窑/龙泉比较，其他史实另找直接出处。,有条件候选；取得直接证据和逐条diff后才请求批准,P1,核心理解/对象观察或背景来源范围需要改善,False
龙泉窑·大窑,longquan-kiln,窑址,现有概述未清楚区分单一遗址、产区或区域陶瓷传统；景德镇联系与当地生产史须分证。【浙江龙泉重要青瓷窑址群，宋元明时期生产与外销规模很大。 龙泉适合与景德镇比较窑址景观、产品体系与海上贸易。】,生产/历史语境,有共用背景来源，需逐论述定位,依遗址/馆方研究解释生产与比较角度，不从纹样相似推直接技术传播。,有条件候选；取得直接证据和逐条diff后才请求批准,P2,补主题解释前需直接证据，不以字数为目标,False
高丽青瓷,goryeo-celadon,窑址,现有概述未清楚区分单一遗址、产区或区域陶瓷传统；景德镇联系与当地生产史须分证。【高丽青瓷是朝鲜半岛高丽时期形成的重要陶瓷体系，以青釉、独特器形和镶嵌装饰等传统著称。它在东亚陶瓷史中具有独立的技术和审美发展脉络。 工艺与装饰 高丽青瓷形成了具有自身特点的釉色、器形和装饰传统。镶嵌装饰尤其体现了高丽陶瓷在装饰技术上的发展。 与景德镇的比较 高丽青瓷与景德镇青白瓷可以用于比较东亚不同地区的釉色、器形、装饰和窑业组织。两者之间的关系应放在区域交流和各自本土发展的背景中考察，而不能简单理解为单向技术传播。 研究边界 涉及高丽】；5806是浙江越窑/龙泉窑预备名单，不是本站此主题的独立介绍；若用于中国影响比较需限定到页面实际论述。【https://whc.unesco.org/en/tentativelists/5806/】；存在面向知识组织用途的说明，宜转成读者可理解的主题解释；不自动删除比较观点。【 与景德镇的比较 高丽青瓷与景德镇青白瓷可以用于比较东亚不同地区的釉色、器形、装饰和窑业组织】,生产/历史语境,有共用背景来源，需逐论述定位,依遗址/馆方研究解释生产与比较角度，不从纹样相似推直接技术传播。 将5806的用途限定到越窑/龙泉比较，其他史实另找直接出处。,有条件候选；取得直接证据和逐条diff后才请求批准,P1,核心理解/对象观察或背景来源范围需要改善,False
王琦,wang-qi,人物,正文写1886—1933；当前可读MCT展览新闻确认成员与作品，不提供生卒年；所引地方志PDF不可稳定读取。生卒年证据链未闭合，不能判为已核实。【王琦（1886—1933）是近代景德镇重要瓷画家，以人物画创作著称，也是“珠山八友”相关艺术史研究中的重要人物。 艺术活动 《景德镇市志》人物志资料记载，王琦参与瓷业美术研究社等近代陶瓷美术活动，并通过展览、画稿和行业刊物参与景德镇陶瓷美术的研究与传播。 历史意义 王琦的研究不仅涉及个人绘画风格，也能够连接近代景德镇陶瓷美术组织、行业活动和公共传播的发展。 作品研究 具体作品的署款、年代和真伪应以馆藏记录、作品档案和专业研究为依据，不能】,生产/历史语境,已有出处，尚未完成逐论述外部复核,先核对原地方志人物条目/馆藏研究中的姓名和生卒年；不得凭常见网络说法改日期。,有条件候选；取得直接证据和逐条diff后才请求批准,P0,来源错配、空正文或关键身份/日期证据缺口，先核查可靠性,False
成化斗彩鸡缸杯,chenghua-doucai-chicken-cup,器物,缺具体馆藏号、尺寸与可看懂的制作步骤；Met42515已直接支持高温青花后填釉上彩。【明成化时期景德镇御窑斗彩代表器物，采用釉下青花与釉上彩结合的装饰方式。 斗彩鸡缸杯展示景德镇御窑在青花与釉上彩结合方面的成熟。 大都会艺术博物馆将此杯记录为明成化时期景德镇御窑器物，并提供独立馆藏记录、对象编号与研究资源。该对象可作为研究斗彩技术、成化御窑和明代宫廷瓷器制度的具体证据。 研究时应把“对象记录”与“时代性结论”分开：单件馆藏能够证明该件器物的编目、材质和馆藏研究信息，但不能单独代表整个成化时期景德镇生产。】,核心入门入口,已检查特定来源相关段落；详见来源核查，不等于全文事实已核验,限该馆对象增加馆藏身份、工艺顺序与观看提示；不引入成交价/唯一性等说法。,有条件候选；取得直接证据和逐条diff后才请求批准,P1,核心理解/对象观察或背景来源范围需要改善,False
乾隆皇帝,qianlong-emperor,人物,正文提供有限人物联系；身份、作品/活动与日期须分别核实，已有来源未完成逐项支持检查。【清高宗弘历，清代宫廷陶瓷的重要鉴赏者。其御制诗曾直接赞咏景德镇郎窑红等名瓷。】；正文与摘要完全相同；未超出摘要回答问题。【清高宗弘历，清代宫廷陶瓷的重要鉴赏者。其御制诗曾直接赞咏景德镇郎窑红等名瓷。】,生产/历史语境,已有出处，尚未完成逐论述外部复核,核对直接职业/馆方档案，补有依据的重要性；不由题词/到访推定制瓷贡献。,有条件候选；取得直接证据和逐条diff后才请求批准,P2,补主题解释前需直接证据，不以字数为目标,False
谢觉哉,xie-juezai,人物,正文提供有限人物联系；身份、作品/活动与日期须分别核实，已有来源未完成逐项支持检查。【现代诗人、政治家，曾游景德镇并以诗记录当地制瓷技艺与劳动。】；正文与摘要完全相同；未超出摘要回答问题。【现代诗人、政治家，曾游景德镇并以诗记录当地制瓷技艺与劳动。】,生产/历史语境,已有出处，尚未完成逐论述外部复核,核对直接职业/馆方档案，补有依据的重要性；不由题词/到访推定制瓷贡献。,有条件候选；取得直接证据和逐条diff后才请求批准,P2,补主题解释前需直接证据，不以字数为目标,False
瓷土加工,porcelain-clay-processing,工艺,现有正式稿有主题解释及来源限度；本轮尚无足够证据认定必须重写，逐项外部核验未完成。【从矿石到细料 块状瓷石先经破碎和舂磨，形成可用水处理的粉料。淘洗利用颗粒在水中的悬浮、沉降差别分离粗细物料；筛分和拣选可进一步减少粗粒与夹杂。粒度处理和配方设计是不同任务，粉碎本身不会改变所有杂质的化学性质。 从浆料到泥团 细浆经沉淀和脱水，达到适合后续配料或成型的状态。混合、练泥和陈腐用于改善均匀性与操作性能。非遗项目把这些工作放在专业分工的生产链中理解；不同产品会选用不同路线，不存在每件瓷器都机械重复同一套动作的必要。 资料来源 国】,生产/历史语境,已有出处，尚未完成逐论述外部复核,保持已发布正文；核对具体引文定位、对象关联及分类，不作批量改写。,仅审查；保持已发布正文，不授权覆盖,P3,正文/书目可先保留，核引与细节检查优先于扩写,True
雍正仿钧新紫釉天球瓶,tang-ying-jun-vase,器物,正文第二句说明系统连接而非器物；Met46080可直接支持新紫釉、雍正时期和唐英管理背景。【清雍正时期景德镇御窑仿钧釉器物，与唐英督陶时期的仿古创新相关。 该器物可以把唐英人物条目、颜色釉工艺和清代御窑生产系统连接起来。】；存在面向知识组织用途的说明，宜转成读者可理解的主题解释；不自动删除比较观点。【 该器物可以把唐英人物条目、颜色釉工艺和清代御窑生产系统连接起来】,核心入门入口,已检查特定来源相关段落；详见来源核查，不等于全文事实已核验,将系统语言改为釉色/器形与仿钧背景的短说明；明确管理关系不是本人制作者。,有条件候选；取得直接证据和逐条diff后才请求批准,P1,核心理解/对象观察或背景来源范围需要改善,False
《景德镇市志》建置志等地方志资料,r07,文献,当前为书目/研究入口；需检查版本、作者、卷期及可读范围，不能因短而自动扩写。【用于城市沿革、行政区划和历史空间背景研究。 景德镇地方志资料。】,史料追溯入口,已有出处，尚未完成逐论述外部复核,补可核实书目字段与对应研究问题；没有全文不填页码/实验结论。,有条件候选；取得直接证据和逐条diff后才请求批准,P3,正文/书目可先保留，核引与细节检查优先于扩写,False
朝鲜王朝陶瓷,joseon-ceramics,窑址,现有概述未清楚区分单一遗址、产区或区域陶瓷传统；景德镇联系与当地生产史须分证。【朝鲜王朝形成粉青沙器和白瓷等重要传统。 用于比较东亚白瓷审美、制度和文人文化。】；5806是浙江越窑/龙泉窑预备名单，不是本站此主题的独立介绍；若用于中国影响比较需限定到页面实际论述。【https://whc.unesco.org/en/tentativelists/5806/】；存在面向知识组织用途的说明，宜转成读者可理解的主题解释；不自动删除比较观点。【 用于比较东亚白瓷审美、制度和文人文化】,跨区域比较/外围资料,有共用背景来源，需逐论述定位,依遗址/馆方研究解释生产与比较角度，不从纹样相似推直接技术传播。 将5806的用途限定到越窑/龙泉比较，其他史实另找直接出处。,有条件候选；取得直接证据和逐条diff后才请求批准,P1,核心理解/对象观察或背景来源范围需要改善,False
《江西景德镇御窑厂遗址西北角外围明清民窑遗存考古简报》,r34,文献,当前为书目/研究入口；需检查版本、作者、卷期及可读范围，不能因短而自动扩写。【江西省文物考古研究院等，2025。 御窑厂外围民窑遗存考古简报。】,史料追溯入口,已有出处，尚未完成逐论述外部复核,补可核实书目字段与对应研究问题；没有全文不填页码/实验结论。,有条件候选；取得直接证据和逐条diff后才请求批准,P3,正文/书目可先保留，核引与细节检查优先于扩写,False
景德镇仿哥釉,ge-type-imitation,器物,当前主要为一两句概述，未提供足够的器形/纹饰观察和对应馆藏号；长短不是判定史实错误的依据。【仿哥釉是清代景德镇仿古瓷研究的一个类型。】；正文与摘要完全相同；未超出摘要回答问题。【仿哥釉是清代景德镇仿古瓷研究的一个类型。】,生产/历史语境,有共用背景来源，需逐论述定位,先确定此题名是单件器物还是品类；单件据独立对象记录补观看提示，品类据专业研究解释特点。,有条件候选；取得直接证据和逐条diff后才请求批准,P2,补主题解释前需直接证据，不以字数为目标,False
《宋代景德镇青白瓷的历史分期及其特征》,r09,文献,当前为书目/研究入口；需检查版本、作者、卷期及可读范围，不能因短而自动扩写。【书目信息 陈雨前：《宋代景德镇青白瓷的历史分期及其特征》，《中国陶瓷》2007年第6期，第63—68页；DOI：10.16521/j.cnki.issn.1001-9642.2007.06.023。 研究问题 公开摘要说明，论文讨论将宋代景德镇青白瓷划分为北宋、南宋两个阶段的原因，并概括各自风貌与特征。网页列出的参考文献涉及胎釉和烧成研究、《陶记》考辨、湖田窑考察及覆烧工艺，体现分期需要多类证据。 阅读范围 公开材料包括摘要和参考文献表】,史料追溯入口,明确限于摘要或概述；全文论证尚未检查,补可核实书目字段与对应研究问题；没有全文不填页码/实验结论。,仅审查；保持已发布正文，不授权覆盖,P3,正文/书目可先保留，核引与细节检查优先于扩写,True
《粉彩瓷与无毒粉彩颜料的研究》,r28,文献,当前为书目/研究入口；需检查版本、作者、卷期及可读范围，不能因短而自动扩写。【书目 曹春娥、陈云霞、卢希龙：《粉彩瓷与无毒粉彩颜料的研究》，DOI：10.13957/j.cnki.tcxb.2011.04.013。研究范围依据公开摘要说明。 材料问题 摘要回顾传统粉彩颜料降铅达标的研究状况，并介绍研究团队在低温熔剂、新型玻璃白、湿化学法制备色剂及粉彩颜料方面的工作。它把传统装饰效果与现代材料研究放在一起讨论。 结论的适用范围 题名中的“无毒”属于作者研究目标和论述用语，不构成对市场上所有粉彩器的安全认证。成品是否】,史料追溯入口,明确限于摘要或概述；全文论证尚未检查,补可核实书目字段与对应研究问题；没有全文不填页码/实验结论。,仅审查；保持已发布正文，不授权覆盖,P3,正文/书目可先保留，核引与细节检查优先于扩写,True
釉里红,underglaze-red,器物,一句话未解释铜呈色与釉下位置，读者容易与铜红釉混淆。【釉里红使用铜呈色材料进行釉下装饰，是景德镇釉下彩绘体系的重要分支。】；正文与摘要完全相同；未超出摘要回答问题。【釉里红使用铜呈色材料进行釉下装饰，是景德镇釉下彩绘体系的重要分支。】,生产/历史语境,有共用背景来源，需逐论述定位,用对应铜红釉/釉里红对象记录区别彩绘位置和釉层着色，温度仅在具体来源范围。,有条件候选；取得直接证据和逐条diff后才请求批准,P1,核心理解/对象观察或背景来源范围需要改善,False
宣德青花,xuande-bluewhite,器物,当前主要为一两句概述，未提供足够的器形/纹饰观察和对应馆藏号；长短不是判定史实错误的依据。【宣德时期青花是明代早期景德镇高水平器物的代表研究对象。】；正文与摘要完全相同；未超出摘要回答问题。【宣德时期青花是明代早期景德镇高水平器物的代表研究对象。】,生产/历史语境,有共用背景来源，需逐论述定位,先确定此题名是单件器物还是品类；单件据独立对象记录补观看提示，品类据专业研究解释特点。,有条件候选；取得直接证据和逐条diff后才请求批准,P2,补主题解释前需直接证据，不以字数为目标,False
《景德镇清代釉上彩瓷器的文化故事》,r27,文献,当前为书目/研究入口；需检查版本、作者、卷期及可读范围，不能因短而自动扩写。【中国社会科学网在线资料。 清代釉上彩瓷文化资料。】,史料追溯入口,已有出处，尚未完成逐论述外部复核,补可核实书目字段与对应研究问题；没有全文不填页码/实验结论。,有条件候选；取得直接证据和逐条diff后才请求批准,P3,正文/书目可先保留，核引与细节检查优先于扩写,False
伊斯兰世界陶瓷,islamic-ceramics,窑址,现有概述未清楚区分单一遗址、产区或区域陶瓷传统；景德镇联系与当地生产史须分证。【西亚陶瓷传统与中国瓷器长期通过贸易和技术交流相互影响。】；5806是浙江越窑/龙泉窑预备名单，不是本站此主题的独立介绍；若用于中国影响比较需限定到页面实际论述。【https://whc.unesco.org/en/tentativelists/5806/】,跨区域比较/外围资料,有共用背景来源，需逐论述定位,依遗址/馆方研究解释生产与比较角度，不从纹样相似推直接技术传播。 将5806的用途限定到越窑/龙泉比较，其他史实另找直接出处。,有条件候选；取得直接证据和逐条diff后才请求批准,P1,核心理解/对象观察或背景来源范围需要改善,False
王锡良,wang-xiliang,人物,机构2021资料是带时间边界的职业介绍，不能由旧页面判断当前职务/在世状态。【学艺与机构经历 中国轻工业陶瓷研究所2021年人物资料记载，王锡良1922年生于景德镇，少年时随叔父王大凡学习瓷画。1952年进入景德镇美术合作社，随后转入工艺社，并到陶瓷工业科学研究机构从事创作与研究。 从师承到公共机构 这条经历显示，个人的瓷画训练既可由家庭和师徒关系形成，也可进入现代合作组织和研究所。研究其艺术活动时，应把学习路径与作品、生产和展示条件联系起来，而不只罗列称号。 资料范围 该机构页面记载1959年获景德镇“陶瓷美术】,生产/历史语境,已有出处，尚未完成逐论述外部复核,保持来源日期；新状态必须有公开可靠新资料。,仅审查；保持已发布正文，不授权覆盖,P3,正文/书目可先保留，核引与细节检查优先于扩写,True
德化窑,dehua-kiln,窑址,原UNESCO文档404；白瓷与海外贸易需分别取证，不能由一件白衣观音证明整个外销史。【福建德化白瓷窑业中心，长期参与海外贸易。 德化可用于比较南方白瓷、雕塑与海上贸易。】；存在面向知识组织用途的说明，宜转成读者可理解的主题解释；不自动删除比较观点。【 德化可用于比较南方白瓷、雕塑与海上贸易】,跨区域比较/外围资料,已检查特定来源相关段落；详见来源核查，不等于全文事实已核验,Met45842支持德化白瓷与观音塑像；UNESCO1561及组成清单支持宋元泉州贸易背景中的德化窑遗址，限制时期。,候选需要单独批准（来源字段优先，未拟SQL）,P1,核心理解/对象观察或背景来源范围需要改善,False
漳州窑,zhangzhou-kiln,窑址,现有概述未清楚区分单一遗址、产区或区域陶瓷传统；景德镇联系与当地生产史须分证。【明清时期福建重要外销陶瓷产地。 漳州窑展示中国东南沿海民窑与外销市场的关系。】；5806是浙江越窑/龙泉窑预备名单，不是本站此主题的独立介绍；若用于中国影响比较需限定到页面实际论述。【https://whc.unesco.org/en/tentativelists/5806/】,跨区域比较/外围资料,有共用背景来源，需逐论述定位,依遗址/馆方研究解释生产与比较角度，不从纹样相似推直接技术传播。 将5806的用途限定到越窑/龙泉比较，其他史实另找直接出处。,有条件候选；取得直接证据和逐条diff后才请求批准,P1,核心理解/对象观察或背景来源范围需要改善,False
东南亚陶瓷,southeast-asia-ceramics,窑址,现有概述未清楚区分单一遗址、产区或区域陶瓷传统；景德镇联系与当地生产史须分证。【东南亚多地形成地方窑业，同时长期输入中国瓷器。 用于观察海上贸易网络中的本地生产与外来瓷器。】；5806是浙江越窑/龙泉窑预备名单，不是本站此主题的独立介绍；若用于中国影响比较需限定到页面实际论述。【https://whc.unesco.org/en/tentativelists/5806/】；存在面向知识组织用途的说明，宜转成读者可理解的主题解释；不自动删除比较观点。【 用于观察海上贸易网络中的本地生产与外来瓷器】,跨区域比较/外围资料,有共用背景来源，需逐论述定位,依遗址/馆方研究解释生产与比较角度，不从纹样相似推直接技术传播。 将5806的用途限定到越窑/龙泉比较，其他史实另找直接出处。,有条件候选；取得直接证据和逐条diff后才请求批准,P1,核心理解/对象观察或背景来源范围需要改善,False
焦潭柴窑燃料生产区,jiaotan-firewood,窑址,现有概述未清楚区分单一遗址、产区或区域陶瓷传统；景德镇联系与当地生产史须分证。【柴薪是传统窑业生产的重要燃料资源。焦潭燃料生产区构成景德镇手工瓷业完整生产系统的一部分。 柴薪是传统窑业生产的重要燃料资源，焦潭燃料生产区构成景德镇手工瓷业完整生产系统的一部分。 焦潭与燃料供应 焦潭柴窑燃料生产区是UNESCO列入的五个组成部分之一。它证明景德镇历史制瓷不能只从“窑炉”本身理解：大规模烧造需要稳定的燃料供应，并通过交通网络与城市生产空间连接。 因此，燃料生产区与原料矿区、窑址和城市生产中心共同构成遗产系统的空间证据。具】,生产/历史语境,有共用背景来源，需逐论述定位,依遗址/馆方研究解释生产与比较角度，不从纹样相似推直接技术传播。,有条件候选；取得直接证据和逐条diff后才请求批准,P3,正文/书目可先保留，核引与细节检查优先于扩写,False
青白瓷,qingbai-porcelain,器物,已经解释湖田与研究边界；来源为报告书目及论文摘要，未取得完整分期论证。【青白瓷是景德镇早期窑业和宋元时期产品体系的重要研究对象。其釉色通常呈青白或淡青色，湖田窑等景德镇窑址出土材料为研究其器型、装饰和生产序列提供了重要考古证据。 景德镇与湖田窑 湖田窑的考古材料显示，景德镇在宋元时期形成了持续发展的窑业生产体系。青白瓷既可以作为器物类型研究，也可以作为观察窑业技术、市场和生产组织变化的入口。 研究边界 “青白瓷”是一个产品与工艺研究概念，不能把所有青白色釉瓷都简单归入同一窑口或同一年代。具体判断需要结合胎、】,核心入门入口,已有出处，尚未完成逐论述外部复核,补具体观看例证之前先取得报告页/论文全文；R编号已修复，不重复第一轮工作。,有条件候选；取得直接证据和逐条diff后才请求批准,P3,正文/书目可先保留，核引与细节检查优先于扩写,False
乾隆御题诗文瓶,qianlong-poem-vase,器物,当前主要为一两句概述，未提供足够的器形/纹饰观察和对应馆藏号；长短不是判定史实错误的依据。【大都会博物馆藏乾隆时期景德镇御题诗文瓶显示瓷器与宫廷文学和装饰的结合。】；正文与摘要完全相同；未超出摘要回答问题。【大都会博物馆藏乾隆时期景德镇御题诗文瓶显示瓷器与宫廷文学和装饰的结合。】；宣称此件器物归属/年代，但共用Met42507（宣德青花高足杯）和BM PDF.560（永乐铜红釉盘），没有提供所命名器物独立对象记录；这不证明器物不存在。【https://www.metmuseum.org/art/collection/search/42507】,具体展品观看入口,具体馆藏对象的证据链未闭合；有共用背景来源，需逐论述定位,先确定此题名是单件器物还是品类；单件据独立对象记录补观看提示，品类据专业研究解释特点。 优先找到此件真实馆藏号与对象页，不以共用两件不同器物支持该件身份。,候选需要单独批准（来源字段优先，未拟SQL）,P0,来源错配、空正文或关键身份/日期证据缺口，先核查可靠性,False
国家级非物质文化遗产代表性项目“景德镇手工制瓷技艺”,r19,文献,当前为书目/研究入口；需检查版本、作者、卷期及可读范围，不能因短而自动扩写。【名录身份 中国非物质文化遗产网记录项目序号357、项目编号Ⅷ-7，2006年第一批，类别为传统技艺，申报地区为江西省景德镇市。保护单位在所查页面列为景德镇市手工制瓷技艺研究保护中心。 技艺范围 项目介绍记录采矿、淘洗、练泥、陈腐、拉坯、利坯、画坯、施釉、烧窑、画红、烧炉、选瓷和包装等环节，强调专业分工和相互衔接。传承对象是多环节的实践与知识，不只是某一代表器型。 历史概述的使用 页面以五代至明清的发展概括景德镇手工制瓷，并采用元代二元配】,史料追溯入口,已有出处，尚未完成逐论述外部复核,补可核实书目字段与对应研究问题；没有全文不填页码/实验结论。,仅审查；保持已发布正文，不授权覆盖,P3,正文/书目可先保留，核引与细节检查优先于扩写,True
《1949～1966年景德镇陶瓷科技文献比较研究》,r20,文献,当前为书目/研究入口；需检查版本、作者、卷期及可读范围，不能因短而自动扩写。【书目与阅读范围 郑乃章、杨敏、马志伟、熊春华：《1949～1966年景德镇陶瓷科技文献比较研究》，期刊网站发布于2009年6月1日。可查研究介绍见公开摘要。 比较对象 研究把这一时期讨论景德镇陶瓷的科技文献，与1949年之前的地方研究、国内其他产瓷地区和国外研究相比较。文献的研究主题与方法变化，被用于考察产业观念和科学技术的革新。 可以回答的问题 科技文献能够显示哪些问题受到重视、哪些方法进入研究，但论文数量或题目本身不能直接证明全部企】,史料追溯入口,明确限于摘要或概述；全文论证尚未检查,补可核实书目字段与对应研究问题；没有全文不填页码/实验结论。,仅审查；保持已发布正文，不授权覆盖,P3,正文/书目可先保留，核引与细节检查优先于扩写,True
《改革开放以来景德镇薄胎瓷工艺的发展演变及其特点》,r21,文献,当前为书目/研究入口；需检查版本、作者、卷期及可读范围，不能因短而自动扩写。【书目与方法 况立、陈宁：《改革开放以来景德镇薄胎瓷工艺的发展演变及其特点——基于非物质文化遗产传承人口述史的整理与研究》。期刊网站2023年4月1日发布，可查研究介绍见公开摘要。 作者分期 研究将1978—1986年概括为恢复期，1987—1995年为发展期，1996—2004年为过渡期，2005年以后为创新期。最后一阶段的“至今”应理解为论文研究时点，不能自动延伸为对未来生产状况的判断。 口述史价值 传承人口述能补充身体经验、教学和作】,史料追溯入口,明确限于摘要或概述；全文论证尚未检查,补可核实书目字段与对应研究问题；没有全文不填页码/实验结论。,仅审查；保持已发布正文，不授权覆盖,P3,正文/书目可先保留，核引与细节检查优先于扩写,True
《“器成天下走”：外销瓷与海上丝绸之路》,r18,文献,当前为书目/研究入口；需检查版本、作者、卷期及可读范围，不能因短而自动扩写。【2022年专题资料，关注景德镇外销瓷与海上贸易。 外销瓷与海上丝绸之路资料。】,史料追溯入口,已有出处，尚未完成逐论述外部复核,补可核实书目字段与对应研究问题；没有全文不填页码/实验结论。,有条件候选；取得直接证据和逐条diff后才请求批准,P3,正文/书目可先保留，核引与细节检查优先于扩写,False
《景德镇陶录》,jingdezhen-taolu,文献,当前为书目/研究入口；需检查版本、作者、卷期及可读范围，不能因短而自动扩写。【著作与传播 法国国家图书馆瓷器专题介绍，蓝浦的《景德镇陶录》于1815年出版。1856年，儒莲（Stanislas Julien）将其译为法文，并附塞夫勒化学家Alphonse Salvétat的注释，题为《中华瓷器历史与制造》。 两种阅读语境 中文原著属于清代对地方陶业和瓷器知识的整理；法译及注释则进入十九世纪欧洲收藏、化学和工艺研究的环境。原著陈述、译者措辞和科学注释需要分别识别，不能视为同一时期形成的完整知识。 研究用途 研究制瓷】,史料追溯入口,已有出处，尚未完成逐论述外部复核,补可核实书目字段与对应研究问题；没有全文不填页码/实验结论。,仅审查；保持已发布正文，不授权覆盖,P3,正文/书目可先保留，核引与细节检查优先于扩写,True
石湾窑,shiwan-kiln,窑址,现有概述未清楚区分单一遗址、产区或区域陶瓷传统；景德镇联系与当地生产史须分证。【佛山石湾以陶塑和民间陶艺传统著称。 石湾体现陶塑、民间市场与现代工艺传承。】；5806是浙江越窑/龙泉窑预备名单，不是本站此主题的独立介绍；若用于中国影响比较需限定到页面实际论述。【https://whc.unesco.org/en/tentativelists/5806/】,跨区域比较/外围资料,有共用背景来源，需逐论述定位,依遗址/馆方研究解释生产与比较角度，不从纹样相似推直接技术传播。 将5806的用途限定到越窑/龙泉比较，其他史实另找直接出处。,有条件候选；取得直接证据和逐条diff后才请求批准,P1,核心理解/对象观察或背景来源范围需要改善,False
越窑·上林湖,yue-kiln,窑址,现有概述未清楚区分单一遗址、产区或区域陶瓷传统；景德镇联系与当地生产史须分证。【浙江上林湖窑址群是中国早期青瓷生产的重要遗存。 越窑适合与景德镇青白瓷比较，用来观察青瓷传统、贡瓷与技术传播。】,生产/历史语境,有共用背景来源，需逐论述定位,依遗址/馆方研究解释生产与比较角度，不从纹样相似推直接技术传播。,有条件候选；取得直接证据和逐条diff后才请求批准,P2,补主题解释前需直接证据，不以字数为目标,False
《景德镇陶瓷文化生态保护区总体规划（2021—2035年）》,r22,文献,当前为书目/研究入口；需检查版本、作者、卷期及可读范围，不能因短而自动扩写。【景德镇市人民政府正式规划文件。 景德镇陶瓷文化生态保护区规划。】,史料追溯入口,已有出处，尚未完成逐论述外部复核,补可核实书目字段与对应研究问题；没有全文不填页码/实验结论。,有条件候选；取得直接证据和逐条diff后才请求批准,P3,正文/书目可先保留，核引与细节检查优先于扩写,False
长沙窑,changsha-kiln,窑址,现有概述未清楚区分单一遗址、产区或区域陶瓷传统；景德镇联系与当地生产史须分证。【唐代著名窑场，以釉下彩绘、诗文和外销陶瓷见长。 长沙窑展示了唐代民窑装饰创新和跨区域贸易。】；5806是浙江越窑/龙泉窑预备名单，不是本站此主题的独立介绍；若用于中国影响比较需限定到页面实际论述。【https://whc.unesco.org/en/tentativelists/5806/】,跨区域比较/外围资料,有共用背景来源，需逐论述定位,依遗址/馆方研究解释生产与比较角度，不从纹样相似推直接技术传播。 将5806的用途限定到越窑/龙泉比较，其他史实另找直接出处。,有条件候选；取得直接证据和逐条diff后才请求批准,P1,核心理解/对象观察或背景来源范围需要改善,False
2026：景德镇手工瓷业遗存,unesco-2026,历史,现有正式稿有主题解释及来源限度；本轮尚无足够证据认定必须重写，逐项外部核验未完成。【“景德镇手工瓷业遗存”（Jingdezhen Handicraft Porcelain Industry Sites）于2026年列入《世界遗产名录》，编号1765。第48届世界遗产委员会决定48 COM 8B.16，依据标准(ii)、(iii)、(iv)和(vi)确认其突出普遍价值。它作为系列遗产，以五个组成部分展示10至19世纪手工瓷业的技术、生产组织和空间关系。 1 2 保护的是一套生产系统 世界遗产中心介绍强调原料的开采与运输、】,生产/历史语境,有共用背景来源，需逐论述定位,保持已发布正文；核对具体引文定位、对象关联及分类，不作批量改写。,仅审查；保持已发布正文，不授权覆盖,P3,正文/书目可先保留，核引与细节检查优先于扩写,True
《陶成纪事碑记》,tao-cheng-jishi,文献,当前为书目/研究入口；需检查版本、作者、卷期及可读范围，不能因短而自动扩写。【《陶成纪事碑记》是与唐英督陶时期有关的清代景德镇陶业文献，记录了御窑生产、陶务管理和制瓷实践等内容。 内容与史料价值 《陶成纪事碑记》及相关陶务文献能够把清代御窑制度、生产管理、工艺实践和产品分类联系起来。故宫资料也将《陶成纪事》列为研究景德镇制瓷史的重要文献。 史料使用 阅读这类文献时，需要区分作者的制度性记录、技术描述和后世研究解释。文献中的评价性表述具有特定历史语境，不能直接转化为脱离语境的现代价值判断。】,史料追溯入口,已有出处，尚未完成逐论述外部复核,补可核实书目字段与对应研究问题；没有全文不填页码/实验结论。,有条件候选；取得直接证据和逐条diff后才请求批准,P3,正文/书目可先保留，核引与细节检查优先于扩写,False
彭真,peng-zhen,人物,题词断言的来源为知识汇编网站，缺具体活动时间和原文。【曾为景德镇国际陶瓷节题词。】；正文与摘要完全相同；未超出摘要回答问题。【曾为景德镇国际陶瓷节题词。】,生产/历史语境,转述/汇编来源，需原始资料,仅建立原始资料检索候选，不默认个人参与陶瓷生产。,有条件候选；取得直接证据和逐条diff后才请求批准,P2,补主题解释前需直接证据，不以字数为目标,False
醴陵窑,liling-kiln,窑址,现有概述未清楚区分单一遗址、产区或区域陶瓷传统；景德镇联系与当地生产史须分证。【近代以来以釉下五彩等产品形成鲜明地方产业传统。 醴陵适合研究近代陶瓷工业与传统装饰技术的结合。】；5806是浙江越窑/龙泉窑预备名单，不是本站此主题的独立介绍；若用于中国影响比较需限定到页面实际论述。【https://whc.unesco.org/en/tentativelists/5806/】,跨区域比较/外围资料,有共用背景来源，需逐论述定位,依遗址/馆方研究解释生产与比较角度，不从纹样相似推直接技术传播。 将5806的用途限定到越窑/龙泉比较，其他史实另找直接出处。,有条件候选；取得直接证据和逐条diff后才请求批准,P1,核心理解/对象观察或背景来源范围需要改善,False
童宾,tong-bin,人物,正文将献身故事作为直接事实，未区分地方记忆、传说与历史档案；古窑来源503。【童宾见于景德镇御窑历史相关地方文献，条目重点连接明代御窑制度与工匠史。 童宾是明代万历年间景德镇的烧窑把桩师傅，在烧造御器大龙缸时悲壮献身，被后人奉为窑神。】,生产/历史语境,已有出处，尚未完成逐论述外部复核,查地方志/窑神碑记与研究，标示故事传播语境；不补实证死亡情节。,有条件候选；取得直接证据和逐条diff后才请求批准,P2,补主题解释前需直接证据，不以字数为目标,False
郎窑红,langyao-red,器物,现有正式稿有主题解释及来源限度；本轮尚无足够证据认定必须重写，逐项外部核验未完成。【名称与釉面 郎窑红是高温铜红釉的重要品种。观看此类器物，应注意通体红色之外的釉层厚薄、口部较薄釉区及下部积釉。釉在烧成中流动，是理解这些外观的工艺线索，但并非凭某一个特征即可给所有红釉器定名。 故宫馆藏实例 故宫博物院藏郎窑红釉穿带直口瓶，定为清康熙，文物号故00148227，高20.8厘米。另有清康熙郎窑红梅瓶，馆方记录产地为景德镇。两件器物的轮廓和釉色分布不同，适合比较同一釉类在不同器型上的表现。 阅读对象记录 郎窑红是釉类名称，具】；存在面向知识组织用途的说明，宜转成读者可理解的主题解释；不自动删除比较观点。【不同器形和年代的实例，可以用于比较釉色与流釉效果，却不能共享同一对象的鉴定信息】,生产/历史语境,已有出处，尚未完成逐论述外部复核,保持已发布正文；核对具体引文定位、对象关联及分类，不作批量改写。,仅审查；保持已发布正文，不授权覆盖,P3,正文/书目可先保留，核引与细节检查优先于扩写,True
王步,wang-bu,人物,正文提供有限人物联系；身份、作品/活动与日期须分别核实，已有来源未完成逐项支持检查。【王步是近代景德镇著名青花瓷画家，以青花装饰中的中国画笔墨表现著称。他的创作体现了传统青花技法与中国画审美之间的结合。 艺术与传承 景德镇市人民政府公开资料将王步置于景德镇现代陶瓷美术和青花传统的传承脉络中。研究其艺术时，可以同时观察个人笔墨风格、青花传统以及近现代景德镇陶瓷美术教育和生产环境。 作品研究 具体作品的年代、作者归属和传世谱系需要依据博物馆记录、出版物和作品档案核对。个人艺术风格的概括不能替代具体作品的鉴定证据。】,生产/历史语境,已有出处，尚未完成逐论述外部复核,核对直接职业/馆方档案，补有依据的重要性；不由题词/到访推定制瓷贡献。,有条件候选；取得直接证据和逐条diff后才请求批准,P3,正文/书目可先保留，核引与细节检查优先于扩写,False
刘远长,liu-yuanchang,人物,现有正式稿有主题解释及来源限度；本轮尚无足够证据认定必须重写，逐项外部核验未完成。【教育与工厂 景德镇陶瓷大学校友资料记载，刘远长1959年学习雕塑，1963年毕业后到景德镇雕塑瓷厂从事创作。资料中的学习回忆同时涉及素描、雕塑基本训练、传统陶瓷技术和社会实践。 创作与量产 该资料将“哈哈罗汉”“飞天天女散花”等列作进入生产的作品，并记述其1989—1997年担任雕塑瓷厂厂长。瓷塑从个人造型转化为工厂产品，需要考虑成型、烧造与重复生产，使艺术和工业组织产生联系。 史料范围 校友页面混合人物简历与第一人称回忆，适合提供职业】,生产/历史语境,已有出处，尚未完成逐论述外部复核,保持已发布正文；核对具体引文定位、对象关联及分类，不作批量改写。,仅审查；保持已发布正文，不授权覆盖,P3,正文/书目可先保留，核引与细节检查优先于扩写,True
秦锡麟,qin-xilin,人物,现有正式稿有主题解释及来源限度；本轮尚无足够证据认定必须重写，逐项外部核验未完成。【学习与研究机构 景德镇陶瓷大学校友资料记载，秦锡麟1942年生，1960—1964年学习陶瓷美术。1981—1985年在景德镇陶瓷美术研究所任职，随后于1985—1995年在江西省陶瓷研究所任职。 高等教育工作 同一资料列出其1995—2009年担任学校主要领导、2009—2023年任名誉校长的经历。页面沿用现校名介绍历史；叙述当年机构时，需注意学校更名与实际历史名称的区别。 研究角度 秦锡麟可作为理解现代陶瓷艺术、研究所和院校制度联系】,生产/历史语境,已有出处，尚未完成逐论述外部复核,保持已发布正文；核对具体引文定位、对象关联及分类，不作批量改写。,仅审查；保持已发布正文，不授权覆盖,P3,正文/书目可先保留，核引与细节检查优先于扩写,True
汝窑·清凉寺,ru-kiln,窑址,现有概述未清楚区分单一遗址、产区或区域陶瓷传统；景德镇联系与当地生产史须分证。【河南宝丰清凉寺窑址与北宋汝窑研究密切相关。 汝窑适合展示考古遗址、传世品与文献之间的证据关系。】；5806是浙江越窑/龙泉窑预备名单，不是本站此主题的独立介绍；若用于中国影响比较需限定到页面实际论述。【https://whc.unesco.org/en/tentativelists/5806/】,跨区域比较/外围资料,有共用背景来源，需逐论述定位,依遗址/馆方研究解释生产与比较角度，不从纹样相似推直接技术传播。 将5806的用途限定到越窑/龙泉比较，其他史实另找直接出处。,有条件候选；取得直接证据和逐条diff后才请求批准,P1,核心理解/对象观察或背景来源范围需要改善,False
元青花折枝花纹八棱瓶,yuan-blue-and-white-vase,器物,当前主要说明主题价值或研究用途，读者仍缺具体机制、历史实例与对应证据。【元青花折枝花纹八棱瓶是元代景德镇窑青花瓷的具体馆藏对象。大都会艺术博物馆将其定为14世纪中叶的景德镇窑青花瓷，采用釉下钴蓝装饰。 器物形制与纹饰 瓶体为八棱形截面，器表划分为多个装饰区，以叶状纹、花卉和莲瓣等构成纹饰层次。大都会的馆藏研究指出，其多边形器形与青铜器形式存在关联，也体现了14世纪青花装饰中的跨文化视觉因素。 历史意义 这件器物可以作为研究元代景德镇青花、器形设计以及跨区域视觉交流的具体实物材料。它适合与其他元代景德镇馆藏、】,具体展品观看入口,已有出处，尚未完成逐论述外部复核,选择一个有直接依据的具体例子或概念解释；不补推测年代、因果或贸易路线。,有条件候选；取得直接证据和逐条diff后才请求批准,P3,正文/书目可先保留，核引与细节检查优先于扩写,False
《中国瓷都·景德镇市瓷业志》,r08,文献,当前为书目/研究入口；需检查版本、作者、卷期及可读范围，不能因短而自动扩写。【包含制坯、装饰、陶瓷要籍等专题资料。 景德镇瓷业志综合资料。】,史料追溯入口,已有出处，尚未完成逐论述外部复核,补可核实书目字段与对应研究问题；没有全文不填页码/实验结论。,有条件候选；取得直接证据和逐条diff后才请求批准,P3,正文/书目可先保留，核引与细节检查优先于扩写,False
斗彩,doucai-porcelain,器物,只定义组合工艺，缺先后顺序与具体实例。【斗彩结合釉下青花轮廓与釉上彩色，是明清景德镇彩瓷研究的重要品类。】；正文与摘要完全相同；未超出摘要回答问题。【斗彩结合釉下青花轮廓与釉上彩色，是明清景德镇彩瓷研究的重要品类。】,生产/历史语境,已检查特定来源相关段落；详见来源核查，不等于全文事实已核验；有共用背景来源，需逐论述定位,用Met42515解释釉下青花与釉上填彩的顺序，链接鸡缸杯，不外推全部品种。,有条件候选；取得直接证据和逐条diff后才请求批准,P1,核心理解/对象观察或背景来源范围需要改善,False
五彩瓷,wucai,器物,“多色釉上彩”过于概括，未交代不同年代及可能结合青花的对象差异。【五彩以多色釉上彩绘形成丰富画面，是明清景德镇重要品类。】；正文与摘要完全相同；未超出摘要回答问题。【五彩以多色釉上彩绘形成丰富画面，是明清景德镇重要品类。】,生产/历史语境,有共用背景来源，需逐论述定位,先核对具体馆藏工艺说明；不要把所有五彩写成纯釉上或固定五种颜色。,有条件候选；取得直接证据和逐条diff后才请求批准,P1,核心理解/对象观察或背景来源范围需要改善,False
釉上彩,overglaze-enamels,工艺,现有正式稿有主题解释及来源限度；本轮尚无足够证据认定必须重写，逐项外部核验未完成。【与釉下彩的区别 釉上与釉下首先描述装饰相对釉层的位置和制作顺序。青花通常在坯面绘制并被透明釉覆盖；釉上彩则利用已经形成的釉面施彩，需要另行彩烧。一件器物可以结合不同装饰路线，不能仅按颜色多少判断其技术类别。 作坊与实物 北京大学介绍的御窑厂考古资料包括明代中期加彩作坊及半成品，使釉上彩研究有了具体生产现场的依据。半成品能够显示哪些步骤已完成、哪些尚未进行，比单看完整成品更容易分析工序衔接。 风格与技术 粉彩研究同时讨论彩料、绘画和文化情】,生产/历史语境,明确限于摘要或概述；全文论证尚未检查,保持已发布正文；核对具体引文定位、对象关联及分类，不作批量改写。,仅审查；保持已发布正文，不授权覆盖,P3,正文/书目可先保留，核引与细节检查优先于扩写,True
粉彩装饰技术,fencai-technique,工艺,现有正式稿有主题解释及来源限度；本轮尚无足够证据认定必须重写，逐项外部核验未完成。【装饰位置与制作路线 粉彩属于釉上彩装饰的重要类型。器胎和釉面完成烧成后，再进行彩绘和彩烧，与青花绘在坯上、覆盖透明釉后烧成的路线不同。颜色的叠加、晕染与留白需要服从材料的发色和烧成要求，不能完全照搬纸绢绘画。 形成与风格 汪凌川2013年博士论文的公开摘要把粉彩形成放在康熙晚期、成熟放在雍正时期，并联系清宫画珐琅与景德镇五彩。论文同时从工艺技术、艺术形式和文化情境解释演变，提醒读者不要把粉彩仅理解为一组柔和颜色。 研究范围 公开摘要讨论】,生产/历史语境,明确限于摘要或概述；全文论证尚未检查,保持已发布正文；核对具体引文定位、对象关联及分类，不作批量改写。,仅审查；保持已发布正文，不授权覆盖,P3,正文/书目可先保留，核引与细节检查优先于扩写,True
梅森瓷器,meissen-porcelain,窑址,现有正式稿有主题解释及来源限度；本轮尚无足够证据认定必须重写，逐项外部核验未完成。【技术探索 法国国家图书馆专题记述，伯特格（Johann Friedrich Böttger）与切恩豪斯（Ehrenfried Walther von Tschirnhaus）在萨克森利用当地已知高岭土资源，于1708年前后推进硬质瓷研制。原料条件、实验和宫廷支持共同构成其技术环境。 与中国瓷器的联系 欧洲长期输入中国瓷器，消费与仿制愿望推动了对材料秘密的追寻。但对中国器物的模仿、当地原料实验和书面知识传播属于不同层面。殷弘绪1712年才】,生产/历史语境,已有出处，尚未完成逐论述外部复核,保持已发布正文；核对具体引文定位、对象关联及分类，不作批量改写。,仅审查；保持已发布正文，不授权覆盖,P3,正文/书目可先保留，核引与细节检查优先于扩写,True
西亚陶瓷,west-asia-ceramics,窑址,现有概述未清楚区分单一遗址、产区或区域陶瓷传统；景德镇联系与当地生产史须分证。【西亚陶瓷在中国青花输入后发展出新的视觉与装饰转译。 用于追踪青花图像和贸易陶瓷的跨文化传播。】；5806是浙江越窑/龙泉窑预备名单，不是本站此主题的独立介绍；若用于中国影响比较需限定到页面实际论述。【https://whc.unesco.org/en/tentativelists/5806/】；存在面向知识组织用途的说明，宜转成读者可理解的主题解释；不自动删除比较观点。【 用于追踪青花图像和贸易陶瓷的跨文化传播】,跨区域比较/外围资料,有共用背景来源，需逐论述定位,依遗址/馆方研究解释生产与比较角度，不从纹样相似推直接技术传播。 将5806的用途限定到越窑/龙泉比较，其他史实另找直接出处。,有条件候选；取得直接证据和逐条diff后才请求批准,P1,核心理解/对象观察或背景来源范围需要改善,False
宣德青花龙纹盘,xuande-blue-and-white-dish,器物,只有类型性说明，缺此件Met42497的编号与纹饰细节。【明宣德时期景德镇御窑青花器物，体现早期明代官窑青花的装饰体系。 宣德青花可用于观察御窑标准化生产、青花绘画和宫廷器用。】；存在面向知识组织用途的说明，宜转成读者可理解的主题解释；不自动删除比较观点。【 宣德青花可用于观察御窑标准化生产、青花绘画和宫廷器用】,具体展品观看入口,已有出处，尚未完成逐论述外部复核,先逐项核对该馆藏对象，再拟观察说明，不把时代综述当对象证据。,有条件候选；取得直接证据和逐条diff后才请求批准,P2,补主题解释前需直接证据，不以字数为目标,False
《明清景德镇御窑厂遗址考古价值阐释刍议》,r33,文献,当前为书目/研究入口；需检查版本、作者、卷期及可读范围，不能因短而自动扩写。【朱姗姗、关彤、郑雯涵，2025。 御窑厂遗址考古价值研究。】,史料追溯入口,已有出处，尚未完成逐论述外部复核,补可核实书目字段与对应研究问题；没有全文不填页码/实验结论。,有条件候选；取得直接证据和逐条diff后才请求批准,P3,正文/书目可先保留，核引与细节检查优先于扩写,False
《宋代湖田窑青白瓷历史和发展脉络的考察研究》,r10,文献,当前为书目/研究入口；需检查版本、作者、卷期及可读范围，不能因短而自动扩写。【书目信息 李梓豪、김병율：《宋代湖田窑青白瓷历史和发展脉络的考察研究》，《한국도자학연구》，2020年17卷2期，第61—78页；DOI：10.22991/ksca.2020.17.2.61。书目信息与研究介绍依据KCI公开记录及摘要。 研究对象 摘要概述湖田窑从五代至明代隆庆、万历时期的长期生产，并讨论不同产品与宋代青白瓷装饰。其价值在于把装饰观察放在窑业发展脉络中，而不是把“青白瓷”理解为固定不变的单一样式。 阅读范围 公开可查材料】,史料追溯入口,明确限于摘要或概述；全文论证尚未检查,补可核实书目字段与对应研究问题；没有全文不填页码/实验结论。,仅审查；保持已发布正文，不授权覆盖,P3,正文/书目可先保留，核引与细节检查优先于扩写,True
《景德镇陶瓷科学技术史研究的发展与展望》,r12,文献,当前为书目/研究入口；需检查版本、作者、卷期及可读范围，不能因短而自动扩写。【书目信息 郑乃章、韩光大、曹建文、曹春娥：《景德镇陶瓷科学技术史研究的发展与展望》。期刊网站发布于2007年12月1日，可查研究介绍见公开摘要。 主要论点 作者从传统技术传承与近代公司、陶业学堂的成立谈起，指出科学技术手段逐渐进入教育和生产。摘要将早期文献研究、窑址踏查，与二十世纪七十年代湖田窑及后来御窑遗址发掘相联系。 研究史视角 文章强调，景德镇的科学技术研究先于系统科学考古介入陶瓷史，是相对其他地区而言的研究史特点。它讨论的是知识】,史料追溯入口,明确限于摘要或概述；全文论证尚未检查,补可核实书目字段与对应研究问题；没有全文不填页码/实验结论。,仅审查；保持已发布正文，不授权覆盖,P3,正文/书目可先保留，核引与细节检查优先于扩写,True
《“文化交流”视域下宋代景德镇青白瓷研究》,r35,文献,当前为书目/研究入口；需检查版本、作者、卷期及可读范围，不能因短而自动扩写。【研究对象 万芳、何其乐、桑月侠：《“文化交流”视域下宋代景德镇青白瓷研究》，《景德镇学院学报》2025年第1期。研究介绍以期刊公开摘要为依据。 分析框架 作者在矿产资源与生产技术之外，关注儒、释、道及理学思想与宋代审美的关系。文献和馆藏器物被用于讨论青白瓷釉色、器型和纹饰所体现的文化选择。 怎样使用解释 思想史背景可以帮助理解器物，却不能单独证明某一纹样由某一哲学观念直接产生。摘要呈现作者的解释框架；具体器物的宗教用途与传播路线，需要全】,史料追溯入口,明确限于摘要或概述；全文论证尚未检查,补可核实书目字段与对应研究问题；没有全文不填页码/实验结论。,仅审查；保持已发布正文，不授权覆盖,P3,正文/书目可先保留，核引与细节检查优先于扩写,True
明代御窑青花,ming-imperial-bluewhite,器物,当前主要为一两句概述，未提供足够的器形/纹饰观察和对应馆藏号；长短不是判定史实错误的依据。【明代御窑青花是研究宫廷生产和景德镇技术的重要对象。】；正文与摘要完全相同；未超出摘要回答问题。【明代御窑青花是研究宫廷生产和景德镇技术的重要对象。】,生产/历史语境,有共用背景来源，需逐论述定位,先确定此题名是单件器物还是品类；单件据独立对象记录补观看提示，品类据专业研究解释特点。,有条件候选；取得直接证据和逐条diff后才请求批准,P2,补主题解释前需直接证据，不以字数为目标,False
《宋元景德镇窑青白瓷人物造像技艺研究》,r15,文献,当前为书目/研究入口；需检查版本、作者、卷期及可读范围，不能因短而自动扩写。【书目信息 赵兰涛、黄细乐、毛青：《宋元景德镇窑青白瓷人物造像技艺研究》，DOI：10.13957/j.cnki.tcxb.2026.01.023。研究介绍以期刊公开摘要为依据。 研究框架 论文以实例与文献分析讨论材料配比、成型、装饰及烧成的技术演进，并关注北方定窑瓷塑技术南传的作用。作者把工艺变化与宋元社会生活、消费及宗教传播联系起来。 使用结论 技术交流是论文提出的解释，需要具体对象与比较材料支持。摘要可用于说明研究问题和方法，不能代】,史料追溯入口,明确限于摘要或概述；全文论证尚未检查,补可核实书目字段与对应研究问题；没有全文不填页码/实验结论。,仅审查；保持已发布正文，不授权覆盖,P3,正文/书目可先保留，核引与细节检查优先于扩写,True
《明代早期景德镇御窑青花瓷器的初步研究》,r16,文献,当前为书目/研究入口；需检查版本、作者、卷期及可读范围，不能因短而自动扩写。【梁寿子，北京大学，2010。 明代早期御窑青花研究。】,史料追溯入口,已有出处，尚未完成逐论述外部复核,补可核实书目字段与对应研究问题；没有全文不填页码/实验结论。,有条件候选；取得直接证据和逐条diff后才请求批准,P3,正文/书目可先保留，核引与细节检查优先于扩写,False
陶瓷行会与行业组织,ceramic-guilds,历史,缺具体组织、历史时段或可核对制度实例。【行业组织连接生产、贸易和地方社会，是研究景德镇城市生产网络的重要社会史材料。】,生产/历史语境,有共用背景来源，需逐论述定位,与窑业组织专题明确分工，优先查地方志与行业史，不制造组织谱系。,有条件候选；取得直接证据和逐条diff后才请求批准,P2,补主题解释前需直接证据，不以字数为目标,False
民窑精品生产,private-kiln-high-end,历史,当前主要说明主题价值或研究用途，读者仍缺具体机制、历史实例与对应证据。【明清时期民窑也存在高质量产品，值得结合馆藏与市场史研究。】；正文与摘要完全相同；未超出摘要回答问题。【明清时期民窑也存在高质量产品，值得结合馆藏与市场史研究。】,跨区域比较/外围资料,有共用背景来源，需逐论述定位,选择一个有直接依据的具体例子或概念解释；不补推测年代、因果或贸易路线。,有条件候选；取得直接证据和逐条diff后才请求批准,P2,补主题解释前需直接证据，不以字数为目标,False
《景德镇传统陶瓷坯体“一元”配方研究》,r13,文献,当前为书目/研究入口；需检查版本、作者、卷期及可读范围，不能因短而自动扩写。【书目与材料 郑乃章、莫云杰、苗立锋、熊春华：《景德镇传统陶瓷坯体“一元”配方研究》，DOI：10.13957/j.cnki.tcxb.2010.01.018。研究介绍以期刊公开摘要为依据。 实验思路 摘要列出的原料来自南港、三宝蓬和柳家湾瓷石，测试涉及1050℃、1110℃、1180℃、1250℃不同烧成条件下的收缩率、吸水率、体积密度和显气孔率。研究把原料配比变化与烧后性能联系起来，而非只按外观判断配方。 对技术史的用途 论文结合历史】,史料追溯入口,明确限于摘要或概述；全文论证尚未检查,补可核实书目字段与对应研究问题；没有全文不填页码/实验结论。,仅审查；保持已发布正文，不授权覆盖,P3,正文/书目可先保留，核引与细节检查优先于扩写,True
窑业废弃物,kiln-waste,全球,生产考古材料归“全球”，可能误导网络核心路径。【废弃物的类型 窑场留下的材料可能来自成型、施釉、烧成和选瓷等不同环节。变形或粘连器、破损匣钵、残坯与成品残片，分别提供不同的工艺信息；将它们混称为“次品”会掩盖产生原因的差别。 空间与生产组织 御窑厂考古把成型、绘饰和瓷片堆积等遗迹放回场地布局中研究。废弃物集中区有助于讨论产品种类及处理方式，但堆积可能经历搬运和再次填埋，不能把每个瓷片坑都直接等同于原始生产位置。 资料来源 北京大学：景德镇明清御窑厂遗址】,生产/历史语境,已有出处，尚未完成逐论述外部复核,保留正文与条目，提出研究材料标签候选。,仅审查；保持已发布正文，不授权覆盖,P3,正文/书目可先保留，核引与细节检查优先于扩写,True
《清代官窑祭红釉瓷的釉层结构及其对呈色的影响》,r30,文献,当前为书目/研究入口；需检查版本、作者、卷期及可读范围，不能因短而自动扩写。【书目 吴隽、余琦、张茂林、吴军明、李其江、吴艳芳：《清代官窑祭红釉瓷的釉层结构及其对呈色的影响》，《陶瓷学报》2013年34卷4期，第476—481页。书目及研究介绍见期刊平台公开摘要，平台另列的页面日期不作为论文出版年。 样本与方法 摘要说明，样本涉及康熙、雍正、乾隆及道光时期祭红残片；研究采用光学显微观察，并以能谱和色差测量分析化学组成及呈色情况。方法把“看起来的红色”转化为可比较的结构和测量问题。 可支持的论述 论文讨论釉层结构、】,史料追溯入口,明确限于摘要或概述；全文论证尚未检查,补可核实书目字段与对应研究问题；没有全文不填页码/实验结论。,仅审查；保持已发布正文，不授权覆盖,P3,正文/书目可先保留，核引与细节检查优先于扩写,True
昌南镇与景德镇早期瓷业,changnan-town,历史,只说名称史的用途，没有可读的名称、时间和史料解释。【景德镇早期瓷业的地域名称与城市身份演变，可用于理解昌南镇与景德镇名称史及瓷业发展的关系。】,生产/历史语境,有共用背景来源，需逐论述定位,核对早期建置记载，避免China词源等未经支持故事。,有条件候选；取得直接证据和逐条diff后才请求批准,P1,核心理解/对象观察或背景来源范围需要改善,False
《改良陶业 创办中国陶业学堂》,r32,文献,当前为书目/研究入口；需检查版本、作者、卷期及可读范围，不能因短而自动扩写。【资料范围 《改良陶业 创办中国陶业学堂》由景德镇陶瓷大学校史馆发布，梳理近代陶业改良背景下的企业和教育活动，涉及学校设置、教学及生产技术试验。 重要内容 资料把理论学习与实作训练相联系，并记录煤窑试验和1913年通过调整烟囱、烟道取得进展的过程。早期学堂地点涉及鄱阳，不能把校史上的早期办学空间直接写成今天景德镇校园所在地。 历史意义 这份机构史料展示传统瓷业如何尝试引入近代教育和试验机制。学校创办、公司经营与全行业技术转型仍属于不同层次】,史料追溯入口,已有出处，尚未完成逐论述外部复核,补可核实书目字段与对应研究问题；没有全文不填页码/实验结论。,仅审查；保持已发布正文，不授权覆盖,P3,正文/书目可先保留，核引与细节检查优先于扩写,True
《景德镇青白瓷“半刀泥”装饰刻花技艺活态传承研究》,r14,文献,正文已声明DOI年份位数异常且只读摘要，处理边界正确。【作者与阅读范围 陈丽萍、张晓雯、陈韬聿：《景德镇青白瓷“半刀泥”装饰刻花技艺活态传承研究》。可查材料为期刊官网摘要，尚缺全文。页面DOI字符串含异常年份位数，暂不自行改写或据此确定出版年。 研究内容 摘要说明，作者梳理技艺特征、应用和历史嬗变，再结合田野资料讨论当下社会环境中的传承与创新。这种研究把器物装饰与制作者实践联系起来，有别于只按纹样分类的图录式介绍。 可用于哪些问题 论文可作为研究传统刻花怎样进入当代学习和创作的入口。具体刀法】,史料追溯入口,明确限于摘要或概述；全文论证尚未检查,核对期刊正式卷期，不擅自修正DOI。,仅审查；保持已发布正文，不授权覆盖,P3,正文/书目可先保留，核引与细节检查优先于扩写,True
《清代初期高温铜红釉烧造工艺及特点》,r31,文献,当前为书目/研究入口；需检查版本、作者、卷期及可读范围，不能因短而自动扩写。【高冉，中国非物质文化遗产网。 高温铜红釉工艺资料。】,史料追溯入口,已有出处，尚未完成逐论述外部复核,补可核实书目字段与对应研究问题；没有全文不填页码/实验结论。,有条件候选；取得直接证据和逐条diff后才请求批准,P3,正文/书目可先保留，核引与细节检查优先于扩写,False
《北宋“景德年制”瓷器款识新考》,r17,文献,当前为书目/研究入口；需检查版本、作者、卷期及可读范围，不能因短而自动扩写。【吴红云、邵建春，2025。 北宋景德年制款识研究。】,史料追溯入口,已有出处，尚未完成逐论述外部复核,补可核实书目字段与对应研究问题；没有全文不填页码/实验结论。,有条件候选；取得直接证据和逐条diff后才请求批准,P3,正文/书目可先保留，核引与细节检查优先于扩写,False
代尔夫特陶器与中国瓷器,delft-jingdezhen,全球,只说模仿，未解释陶器与瓷器材料差别及具体对应对象。【荷兰代尔夫特陶器对中国青花的模仿，是全球陶瓷视觉传播与本土化研究的重要案例。】；正文与摘要完全相同；未超出摘要回答问题。【荷兰代尔夫特陶器对中国青花的模仿，是全球陶瓷视觉传播与本土化研究的重要案例。】,跨区域比较/外围资料,有共用背景来源，需逐论述定位,需代尔夫特博物馆/实物比较证据；不把纹样影响写成瓷胎技术迁移。,有条件候选；取得直接证据和逐条diff后才请求批准,P1,核心理解/对象观察或背景来源范围需要改善,False
