名称,slug,类别,优先级,结论,操作,实际结果,理由,当前版本,原记录SHA256
殷弘绪（François-Xavier d’Entrecolles）,yin-hong-xu,人物,P3,保持原文,保持原文,保持当前生产内容，无数据库差异,已发布正文有主题解释与资料边界，未发现本轮可证必须改写的问题；保留正式稿，不把未发现错误称为全部史实已核验。,5,e8a6ee1c5f3e7906fcea1c6fe8dcbf8f9d241d3c57abc5d883a3f99a9354754f
东晋—唐：新平镇与昌南镇,eastern-jin-tang,历史,P0,待核保留,待核保留,有限研究已结束，缺证据项归档；保持生产原文,正文确为空，但已读非遗简介未直接提供新平/昌南建置纪年，检索无法取得原始地方志；不把317排序值当事实，不用空泛填充冒充历史说明。需地方志对应卷页或馆方考古/建置研究。,5,28fc9282c9136f9bda2c3e5a928096f92b1e97cd45ac988a2ec4e1a377ecf1a8
塞夫勒瓷器,sevres-porcelain,窑址,P3,保持原文,保持原文,保持当前生产内容，无数据库差异,已发布正文有主题解释与资料边界，未发现本轮可证必须改写的问题；保留正式稿，不把未发现错误称为全部史实已核验。,5,6aeadbe8ff82ec14d0daf83016a56d2292a41897cf789f67e37fb768d5623a33
马基利,markley,人物,P3,保持原文,保持原文,保持当前生产内容，无数据库差异,原正式稿已明确中文音译无法锁定英文身份，不填猜测英文名/机构；维持既有资料边界。,5,07256ce7013e8024449100e000546e29faa06f79d7ef5d0dfbe3328274034e68
英国陶瓷,uk-ceramics,窑址,P0,修订正文,修订正文；修正来源,有依据的待批准稿已准备；生产未修改,剔除元青花瓶错配来源，正文限缩到有对应资料的英国接受史；本土制造史另列待核。,4,4ed2df83b9442975ffeb2f0cfeedb8b5ec7b3e5464bf854622487df922d70cf5
董必武,dong-biwu,人物,P2,待核保留,待核保留,有限研究已结束，缺证据项归档；保持生产原文,当前主要表述为“现代诗人、政治家，1960年初到景德镇时作诗记录瓷都及制瓷艺术。”；已有链接未给出足够直接论据来补具体年代、作品或地方经历。保留该主题，缺直接材料时不据相关概述扩大叙述。,4,cc031e331df31a7352aa24b232e7df83253eb20b59399124ff82554b6ec1ac50
嘉靖—万历时期景德镇生产,jiajing-wanli-kiln,历史,P2,待核保留,待核保留,有限研究已结束，缺证据项归档；保持生产原文,当前主要表述为“嘉靖至万历时期景德镇生产组织和产品面貌变化明显。”；已有链接未给出足够直接论据来补具体年代、作品或地方经历。保留该主题，缺直接材料时不据相关概述扩大叙述。,4,798b4e5f6c21f3cebe94dc1fc5d3a0b7549307ff4e80046512c5d0a2b8b190f3
瓷业市场空间,porcelain-market,窑址与城市空间,P2,修订正文,修订正文；修正来源,有依据的待批准稿已准备；生产未修改,以对应生产/组织资料补足主题解释，限定档案不足部分。,4,85ec31bf83c2914007bba7fa1f42776d85ab10261a945dbb91268db49f011650
启功,qigong,人物,P0,待核保留,待核保留,有限研究已结束，缺证据项归档；保持生产原文,当前唯一出处是导游范文，未见题词原件或馆方接待档案；不扩写题词与访问时间。,4,b5720bc022ead8ffe6792f8046b7f8942e52931042741e6ac49a8b6f870913ab
雍正青釉花浇,yongzheng-celadon-ewer,器物,P0,修订正文,修订正文；修正来源；待核保留,有依据的待批准稿已准备；生产未修改,原文宣称具体馆藏却没有对象编号；共用引用指向别物。仅撤回无法支撑的对象绑定并清楚提示待核，不指定相似藏品。,4,65e2be95e7c5bac5ff0a9278a2d532e5d0daf21b6fe8334dbd4d0dc6410068ed
“景德镇手工瓷业遗存”申遗大事记,r24,文献,P3,保持原文,保持原文,保持当前生产内容，无数据库差异,按当前主题/书目入口检查，既有内容可保留；没有充分新增证据支持必要改写，不为长度扩写。,4,d16637abb3dc84773ccecac44866b6a82b30beb0096626fd5ef37b779a33f271
康熙桃花片釉瓶,kangxi-peachbloom-vase,器物,P0,修订正文,修订正文；修正来源；待核保留,有依据的待批准稿已准备；生产未修改,原文宣称具体馆藏却没有对象编号；共用引用指向别物。仅撤回无法支撑的对象绑定并清楚提示待核，不指定相似藏品。,4,4696ce6eebd25c6691039ba66c03126b88c0f1a5040024a5233021a9800ba97e
康熙五彩龙纹盘,kangxi-famille-verte-dragon,器物,P0,修订正文,修订正文；修正来源；待核保留,有依据的待批准稿已准备；生产未修改,原文宣称具体馆藏却没有对象编号；共用引用指向别物。仅撤回无法支撑的对象绑定并清楚提示待核，不指定相似藏品。,4,8b0333a478563bd6909fb74d0f77ef34ccb7fb5f7e97e0df1247d7bc7d41cd88
雍正斗彩竹纹杯,yongzheng-doucai-bamboo-cup,器物,P0,修订正文,修订正文；修正来源；待核保留,有依据的待批准稿已准备；生产未修改,原文宣称具体馆藏却没有对象编号；共用引用指向别物。仅撤回无法支撑的对象绑定并清楚提示待核，不指定相似藏品。,4,78e53d1af3d68690965ddce52a9d11c75c8311394e8623a3137fc2661a9a7a98
明代景德镇青花山水盘,ming-landscape-dish,器物,P0,修订正文,修订正文；修正来源；待核保留,有依据的待批准稿已准备；生产未修改,原文宣称具体馆藏却没有对象编号；共用引用指向别物。仅撤回无法支撑的对象绑定并清楚提示待核，不指定相似藏品。,4,e2102382a11325113b46f875c37090a3aa6a1fc4b1e3a23fd01d0b74c179d27e
明代金襕手风格景德镇器,ming-kinrande-jar,器物,P0,修订正文,修订正文；修正来源；待核保留,有依据的待批准稿已准备；生产未修改,原文宣称具体馆藏却没有对象编号；共用引用指向别物。仅撤回无法支撑的对象绑定并清楚提示待核，不指定相似藏品。,4,94f149a51a9efdf524318d7bbf34e85787493aa73824ac36c7f4067047655288
嘉靖红地青花方盘,jiajing-red-ground-dish,器物,P0,修订正文,修订正文；修正来源；待核保留,有依据的待批准稿已准备；生产未修改,原文宣称具体馆藏却没有对象编号；共用引用指向别物。仅撤回无法支撑的对象绑定并清楚提示待核，不指定相似藏品。,4,4bf02c775a23b1f1054c1bbed89e937386ec3f83919337331066aa1877ba0090
清代青花釉里红桃形壶,qing-peach-shaped-ewer,器物,P0,修订正文,修订正文；修正来源；待核保留,有依据的待批准稿已准备；生产未修改,原文宣称具体馆藏却没有对象编号；共用引用指向别物。仅撤回无法支撑的对象绑定并清楚提示待核，不指定相似藏品。,4,c57d2daa6ffe61abf55e830b30928a8b9add0b2e7ee022c43466ece359771680
康熙郎窑红类瓶,kangxi-oxblood-vase,器物,P0,修订正文,修订正文；修正来源；待核保留,有依据的待批准稿已准备；生产未修改,原文宣称具体馆藏却没有对象编号；共用引用指向别物。仅撤回无法支撑的对象绑定并清楚提示待核，不指定相似藏品。,4,9e6ca2893f9355f3976c85167403cd7e4e5fc5c2c6594630bf5a8a63390da0d8
丰子恺,feng-zikai,人物,P2,待核保留,待核保留,有限研究已结束，缺证据项归档；保持生产原文,当前主要表述为“现代画家、散文家，参观景德镇后以诗记述当地陶瓷生产景象。”；已有链接未给出足够直接论据来补具体年代、作品或地方经历。保留该主题，缺直接材料时不据相关概述扩大叙述。,4,2e3196412714aecf1a75f5df485721c0516f8bb1ab83fb77c00728f12f032910
钱其琛,qian-qichen,人物,P0,待核保留,待核保留,有限研究已结束，缺证据项归档；保持生产原文,原官方URL404；限定检索未取得2000年瓷乐演出/题词原件。不用外交家身份代替到访证据。,4,46c64f9752df2bfbc9982715441fe95415f573b214f88eedaf78079b1a5c6bb9
康熙五彩盖罐,kangxi-covered-jar,器物,P0,修订正文,修订正文；修正来源；待核保留,有依据的待批准稿已准备；生产未修改,原文宣称具体馆藏却没有对象编号；共用引用指向别物。仅撤回无法支撑的对象绑定并清楚提示待核，不指定相似藏品。,4,29eb20c703f01165587b3a7ec10267dae370fc7f761b52fdeb7960705fd4dc54
康熙五彩人物像,kangxi-famille-verte-figure,器物,P0,修订正文,修订正文；修正来源；待核保留,有依据的待批准稿已准备；生产未修改,原文宣称具体馆藏却没有对象编号；共用引用指向别物。仅撤回无法支撑的对象绑定并清楚提示待核，不指定相似藏品。,4,e2d18977c4d93406242ea212798fde19b5cf2031cac2d264f6d59770d623433f
嘉靖至万历金襕手执壶,jiajing-kinrande-ewer,器物,P0,修订正文,修订正文；修正来源；待核保留,有依据的待批准稿已准备；生产未修改,原文宣称具体馆藏却没有对象编号；共用引用指向别物。仅撤回无法支撑的对象绑定并清楚提示待核，不指定相似藏品。,4,b1895da800ba94078a65f2f042ae7fbd6666bca692e5aac415e7d4d408c287fb
金襕手与日本市场,kinrande-export,东亚,P2,待核保留,待核保留,有限研究已结束，缺证据项归档；保持生产原文,当前主要表述为“金襕手是景德镇面向日本市场生产的代表性装饰类型之一。”；已有链接未给出足够直接论据来补具体年代、作品或地方经历。保留该主题，缺直接材料时不据相关概述扩大叙述。,4,8ea8e35f1be8e33fd7a3baad829d6ee8d5b4b1bd84b327359cbddc087109c46d
张光年,zhang-guangnian,人物,P2,待核保留,待核保留,有限研究已结束，缺证据项归档；保持生产原文,当前主要表述为“现代诗人、文学家，曾以《瓷都感事》咏景德镇陶瓷艺术。”；已有链接未给出足够直接论据来补具体年代、作品或地方经历。保留该主题，缺直接材料时不据相关概述扩大叙述。,4,74fe1ae2ab2e5232ff250aaf512b9326e9705f81e0351c9b4b4e87f17196089b
青花瓷的全球仿制,chinese-bluewhite-global-copy,全球,P3,保持原文,保持原文,保持当前生产内容，无数据库差异,已发布正文有主题解释与资料边界，未发现本轮可证必须改写的问题；保留正式稿，不把未发现错误称为全部史实已核验。,5,d3e0f3b3925d3bc886bb50a9885d74cb7b9da4cbe79d145a0df038b07a084685
Henry Wadsworth Longfellow（亨利·沃兹沃思·朗费罗）,longfellow,人物,P3,保持原文,保持原文,保持当前生产内容，无数据库差异,已发布正文有主题解释与资料边界，未发现本轮可证必须改写的问题；保留正式稿，不把未发现错误称为全部史实已核验。,5,69318d35c51acd0ba65939dbb134e540fbd5b299c70bad2c9a19b4b9ba2b2dcf
Josiah Wedgwood（约西亚·韦奇伍德）,josiah-wedgwood,人物,P2,待核保留,待核保留,有限研究已结束，缺证据项归档；保持生产原文,当前主要表述为“英国陶艺家与陶瓷制造者，曾研究并摘录欧洲关于景德镇制瓷的资料。”；已有链接未给出足够直接论据来补具体年代、作品或地方经历。保留该主题，缺直接材料时不据相关概述扩大叙述。,4,2d8ace427b17bfdfabf291031f04f6b57ac0e51f28acb0fc5629a2f7c8fde52f
Frank B. Lentz,frank-b-lentz,人物,P2,待核保留,待核保留,有限研究已结束，缺证据项归档；保持生产原文,当前主要表述为“20世纪美国记者与地理作家，1920年发表关于景德镇的实地观察。”；已有链接未给出足够直接论据来补具体年代、作品或地方经历。保留该主题，缺直接材料时不据相关概述扩大叙述。,4,23150be91d760529cf01929191c1606217d6232afb5b52da9923ef071f125913
克拉克瓷,kraak-porcelain,器物,P3,保持原文,保持原文,保持当前生产内容，无数据库差异,已发布正文有主题解释与资料边界，未发现本轮可证必须改写的问题；保留正式稿，不把未发现错误称为全部史实已核验。,5,c333377cb17bb01b09e1e52c2462bae44de9c311de03a041118a2c9bcdac0163
沈怀清,shen-huaiqing,人物,P2,待核保留,待核保留,有限研究已结束，缺证据项归档；保持生产原文,当前主要表述为“清代景德镇地方文献作者，以《窑民行》记录陶业、工匠和城市商业。”；已有链接未给出足够直接论据来补具体年代、作品或地方经历。保留该主题，缺直接材料时不据相关概述扩大叙述。,4,fd77ac25b22de3583947ca7775976b11895c8439f932d28118d736b5316e6dfd
王泽洪,wang-zehong,人物,P2,待核保留,待核保留,有限研究已结束，缺证据项归档；保持生产原文,当前主要表述为“清代地方文献作者，记述景德镇陶业与商业中心地位。”；已有链接未给出足够直接论据来补具体年代、作品或地方经历。保留该主题，缺直接材料时不据相关概述扩大叙述。,4,286491013b0c37f68bcd07f38f7dc7f8fdae114fc48bc3ed3d81a00db07f49ce
杜重远,du-chongyuan,人物,P2,待核保留,待核保留,有限研究已结束，缺证据项归档；保持生产原文,当前主要表述为“近代实业家，1930年代主持江西陶业事务时调查景德镇瓷业。”；已有链接未给出足够直接论据来补具体年代、作品或地方经历。保留该主题，缺直接材料时不据相关概述扩大叙述。,4,77dc71bb7a47335305e756eb5ceac56ecc61d6cf73300e51baf500f9a6dbe4de
三上次男,mikami-tsugio,人物,P2,待核保留,待核保留,有限研究已结束，缺证据项归档；保持生产原文,当前主要表述为“日本古陶瓷研究者，多次访问景德镇并留下题词。”；已有链接未给出足够直接论据来补具体年代、作品或地方经历。保留该主题，缺直接材料时不据相关概述扩大叙述。,4,965a89da37341e4cd3565eca9a6dc960fce39a990c61d3e754b10a21b9803298
舒同,shu-tong,人物,P0,待核保留,待核保留,有限研究已结束，缺证据项归档；保持生产原文,导游范文不足以证明具体署名，题词原件、时间及馆方记录未取得；保留现记录并标待核。,4,4b3b42a3960bce36ff850cb67b268c550d73d429205a254bfe5205f3083cc435
王士性,wang-shixing,人物,P3,保持原文,保持原文,保持当前生产内容，无数据库差异,已发布正文有主题解释与资料边界，未发现本轮可证必须改写的问题；保留正式稿，不把未发现错误称为全部史实已核验。,5,4d4dacd46154992592b0785a655e851334360bd0136e610274bb7a1f89275e09
宋加洛窑·Si Satchanalai,sawankhalok,窑址,P3,保持原文,保持原文,保持当前生产内容，无数据库差异,按当前主题/书目入口检查，既有内容可保留；没有充分新增证据支持必要改写，不为长度扩写。,3,cd02287547eda209bf9f2860eb68c15a57d5c44de1bd4513b0d78cd90d3d7518
康熙五彩盖执壶,kangxi-covered-ewer,器物,P0,修订正文,修订正文；修正来源；待核保留,有依据的待批准稿已准备；生产未修改,原文宣称具体馆藏却没有对象编号；共用引用指向别物。仅撤回无法支撑的对象绑定并清楚提示待核，不指定相似藏品。,4,f5c0444cfa74a094771660f6afe0c397137e12ba9d0567bb4a26c7ed7de7ca1c
景德镇仿龙泉传统,longquan-imitation-jingdezhen,器物,P2,待核保留,待核保留,有限研究已结束，缺证据项归档；保持生产原文,当前主要表述为“景德镇仿古体系涉及龙泉等名窑传统。”；已有链接未给出足够直接论据来补具体年代、作品或地方经历。保留该主题，缺直接材料时不据相关概述扩大叙述。,4,c3136b7a8842f0660ef55f580d512f7f01c850d7adec85bed1dec7e62114cfbc
柴窑与燃料系统,wood-fired-kiln,工艺,P1,修订正文,修订正文；修正来源,有依据的待批准稿已准备；生产未修改,解释燃料与窑炉区别，不给未经核实的统一炉温。,4,0bb7f251ff62041d6d7ed8d2347c27502f9f32853bf93bb16399a0b0047810e1
王震,wang-zhen,人物,P2,待核保留,待核保留,有限研究已结束，缺证据项归档；保持生产原文,当前主要表述为“曾为景德镇国际陶瓷节题词。”；已有链接未给出足够直接论据来补具体年代、作品或地方经历。保留该主题，缺直接材料时不据相关概述扩大叙述。,4,254d2f38b9dec108c17932f281c23101a2324c79a6f44ba11bd485802d4003ad
薄一波,bo-yibo,人物,P2,待核保留,待核保留,有限研究已结束，缺证据项归档；保持生产原文,当前主要表述为“曾为景德镇龙珠阁及陶瓷节相关活动题词。”；已有链接未给出足够直接论据来补具体年代、作品或地方经历。保留该主题，缺直接材料时不据相关概述扩大叙述。,4,47baaf6e81a94d5cb8eb4440879275779ca91315514805dab4e7b88c22c00742
文震亨,wen-zhenheng,人物,P3,保持原文,保持原文,保持当前生产内容，无数据库差异,已发布正文有主题解释与资料边界，未发现本轮可证必须改写的问题；保留正式稿，不把未发现错误称为全部史实已核验。,5,34f2a817e3afc9096c8e21a9b8121b479e74a890bdecb535e98efcb4f57c1025
欧洲瓷器,europe-porcelain,窑址,P0,修订正文,修订正文；修正来源,有依据的待批准稿已准备；生产未修改,移除不支持欧洲生产史的元青花瓶，收敛原宏观因果。,4,e4f7f7f93e47f2e4be432b9adbbdedce29157df186d3e6e8c469c55d22e19928
唐英,tang-ying,人物,P3,保持原文,保持原文,保持当前生产内容，无数据库差异,按当前主题/书目入口检查，既有内容可保留；没有充分新增证据支持必要改写，不为长度扩写。,3,686829340158da30f6f9933efd34806a2400646bd48ea204fbd1108e93fd127c
宣德青花应龙纹高足杯,xuande-stemcup,器物,P2,保持原文,保持原文,保持当前生产内容，无数据库差异,Met42507直接对应此杯，馆藏号1991.253.40；没有25条其他器物的身份问题，不为了队列数量重写。,4,f482837eb1f809f9b1e1bcb1af35352cd44387d55bc359d4acf12cd1e539f291
宣德青花龙纹盘,xuande-dragon-dish,器物,P0,修订正文,修订正文；修正来源；待核保留,有依据的待批准稿已准备；生产未修改,原文宣称具体馆藏却没有对象编号；共用引用指向别物。仅撤回无法支撑的对象绑定并清楚提示待核，不指定相似藏品。,4,ff50a577cce20145ab71004f97c11afc27845fab0a01ea59640d67513a901227
R. L. Hobson（罗伯特·洛克哈特·霍布森）,rl-hobson,人物,P2,待核保留,待核保留,有限研究已结束，缺证据项归档；保持生产原文,当前主要表述为“英国陶瓷史学者。其《中国陶器与瓷器》记录了20世纪初景德镇的城市与窑业景象。”；已有链接未给出足够直接论据来补具体年代、作品或地方经历。保留该主题，缺直接材料时不据相关概述扩大叙述。,4,8b32e9bb861409d2e08849dc1b7c023781c79df3f31842b5de6a5c6b43bb1805
景德镇仿汝釉,ru-type-imitation,器物,P2,待核保留,待核保留,有限研究已结束，缺证据项归档；保持生产原文,当前主要表述为“景德镇仿古生产涉及汝窑传统，需以具体器物和文献判断仿制关系。”；已有链接未给出足够直接论据来补具体年代、作品或地方经历。保留该主题，缺直接材料时不据相关概述扩大叙述。,4,78ae55bf1fd419b14f7a327b57653403a0397039f1cfa7ad5fdb67e406089212
沈德符,shen-defu,人物,P3,保持原文,保持原文,保持当前生产内容，无数据库差异,已发布正文有主题解释与资料边界，未发现本轮可证必须改写的问题；保留正式稿，不把未发现错误称为全部史实已核验。,5,9fb45a0b62473b959c1908e6c35c869df97f2f42f875e54f6860836cc181faf5
宣德青花石榴缠枝莲纹菊瓣碗,xuande-pomegranate-bowl,器物,P0,修订正文,修订正文；修正来源；待核保留,有依据的待批准稿已准备；生产未修改,原文宣称具体馆藏却没有对象编号；共用引用指向别物。仅撤回无法支撑的对象绑定并清楚提示待核，不指定相似藏品。,4,f81fbc046224ac12df49a1f4cfa42890d84fefcefbdd45ecb354ec0fe1b26fd8
雍正御窑瓷,yongzheng-imperial-porcelain,器物,P2,待核保留,待核保留,有限研究已结束，缺证据项归档；保持生产原文,当前主要表述为“雍正时期景德镇御窑器物体现宫廷审美、技术控制与外来形式吸收。”；已有链接未给出足够直接论据来补具体年代、作品或地方经历。保留该主题，缺直接材料时不据相关概述扩大叙述。,4,1d6db63185cdfaa77e5d57fb4760e2f927064e233ac6318adfb925698b319b17
青花钴料,blue-white-cobalt,工艺,P1,修订正文,修订正文；修正来源,有依据的待批准稿已准备；生产未修改,补解释材料位置和来源范围；不填统一配方或产地。,4,461d72cf21425d905cda8968238f1e5252c82f2eb2eb74cd7b8c6195b3d0da75
伊兹尼克陶器,iznik-ceramics,窑址,P3,保持原文,保持原文,保持当前生产内容，无数据库差异,按当前主题/书目入口检查，既有内容可保留；没有充分新增证据支持必要改写，不为长度扩写。,3,6e666a98d80f661f427a1a655ef7ddc5d549546d4b4ad88858d7d721798e47ea
濑户窑,seto-kiln,窑址,P3,保持原文,保持原文,保持当前生产内容，无数据库差异,按当前主题/书目入口检查，既有内容可保留；没有充分新增证据支持必要改写，不为长度扩写。,3,2ac437456116ea5e8a082976eff0f8b962fa481122f8f616ca576bed2159e69e
瓷器生产标准化,porcelain-standardization,工艺,P1,修订正文,修订正文；修正来源,有依据的待批准稿已准备；生产未修改,将抽象概括变成可理解的生产组织说明，不添加统计数字。,4,0608ce05f09a965e2a4cd7d014c68412041450c65f07b99ec7c634563adb2c22
昌江与景德镇瓷业,chang-river,窑址与城市空间,P2,待核保留,待核保留,有限研究已结束，缺证据项归档；保持生产原文,当前主要表述为“昌江及其历史河段承担生产、运输和城市空间联系。”；已有链接未给出足够直接论据来补具体年代、作品或地方经历。保留该主题，缺直接材料时不据相关概述扩大叙述。,4,5f09681b8019d9a40af487c68b471ef944a4b64efe957f6cdfab78a9657aff75
景德镇仿钧釉,jun-glaze-jingdezhen,器物,P2,待核保留,待核保留,有限研究已结束，缺证据项归档；保持生产原文,当前主要表述为“仿钧釉可作为景德镇仿古颜色釉研究入口。”；已有链接未给出足够直接论据来补具体年代、作品或地方经历。保留该主题，缺直接材料时不据相关概述扩大叙述。,4,f0edaa88dd6b06c6a0c18f2b5b275104d831f621a7aadf2d3ae681de26fa89b0
古染付,kosometsuke,东亚,P2,待核保留,待核保留,有限研究已结束，缺证据项归档；保持生产原文,当前主要表述为“古染付是日本茶道语境中的中国青花器物类型。”；已有链接未给出足够直接论据来补具体年代、作品或地方经历。保留该主题，缺直接材料时不据相关概述扩大叙述。,4,60c45a690f82ed2a7ca028778294a4a7a5aa9a8a82c65a3b0a93e5a4e455bf5c
御窑落选瓷片,imperial-porcelain-debris,全球,P3,保持原文,保持原文,保持当前生产内容，无数据库差异,已发布正文有主题解释与资料边界，未发现本轮可证必须改写的问题；保留正式稿，不把未发现错误称为全部史实已核验。,5,62ea374411c79dab5d15d21ef56d28a7523e99db2d1c107bf1f298a954a3b2cd
龙窑,dragon-kiln,工艺,P2,待核保留,待核保留,有限研究已结束，缺证据项归档；保持生产原文,当前主要表述为“龙窑是中国传统窑炉类型之一，可用于比较景德镇窑炉演变与区域窑业技术。”；已有链接未给出足够直接论据来补具体年代、作品或地方经历。保留该主题，缺直接材料时不据相关概述扩大叙述。,4,3c116e727187c4a3d9caf132928b56bc7bcc281d7b27927a2713b6049c487bd5
宣德铜红釉碗,xuande-copper-red-bowl,器物,P0,修订正文,修订正文；修正来源；待核保留,有依据的待批准稿已准备；生产未修改,原文宣称具体馆藏却没有对象编号；共用引用指向别物。仅撤回无法支撑的对象绑定并清楚提示待核，不指定相似藏品。,4,1e086ba859252cfef28a937e972b9452ee221eebe098bfb5648adc2ad1010a0d
元代大型青花,yuan-large-bluewhite,器物,P2,待核保留,待核保留,有限研究已结束，缺证据项归档；保持生产原文,当前主要表述为“元代大型青花器物显示景德镇青花技术和器型体系的重要发展。”；已有链接未给出足够直接论据来补具体年代、作品或地方经历。保留该主题，缺直接材料时不据相关概述扩大叙述。,4,6bd17034f9d3884ecc8ab7a4109c51e9eb781787571eb4f857e53780bff1d53a
康熙时期外销瓷,kangxi-export-porcelain,历史,P2,待核保留,待核保留,有限研究已结束，缺证据项归档；保持生产原文,当前主要表述为“康熙时期景德镇瓷器大量进入海外市场。”；已有链接未给出足够直接论据来补具体年代、作品或地方经历。保留该主题，缺直接材料时不据相关概述扩大叙述。,4,fd4095c2ede81e9580729f413f35b26864c2eb071c0ae849e653ff4c17ff7faf
窑业组织,kiln-guilds,历史,P2,待核保留,待核保留,有限研究已结束，缺证据项归档；保持生产原文,当前主要表述为“窑户、工匠和作坊之间的组织关系，是理解景德镇规模化手工业的重要研究入口。”；已有链接未给出足够直接论据来补具体年代、作品或地方经历。保留该主题，缺直接材料时不据相关概述扩大叙述。,4,26a6dc5af3a1cad75f2e13ec71eef234728cde7ccc9a6f0bfaa0684ff513bd8d
陶工与工匠,ceramic-workers,人物,P3,保持原文,保持原文,保持当前生产内容，无数据库差异,已发布正文有主题解释与资料边界，未发现本轮可证必须改写的问题；保留正式稿，不把未发现错误称为全部史实已核验。,5,1f4f4dfc6ba89f407a5194927b15ef9374ef183e4f9e7a4ebf6ba7ff785991bb
瓷业原料供应体系,porcelain-raw-material-system,窑址与城市空间,P3,保持原文,保持原文,保持当前生产内容，无数据库差异,已发布正文有主题解释与资料边界，未发现本轮可证必须改写的问题；保留正式稿，不把未发现错误称为全部史实已核验。,5,73af60f42f8eec962fd8d7e0c56577dc2b1b5c365d97d0139d022874b99ad9a3
浮梁与景德镇瓷业,fuliang-county,历史,P2,待核保留,待核保留,有限研究已结束，缺证据项归档；保持生产原文,当前主要表述为“浮梁是理解景德镇行政、地方社会与瓷业关系的重要历史空间。”；已有链接未给出足够直接论据来补具体年代、作品或地方经历。保留该主题，缺直接材料时不据相关概述扩大叙述。,4,1aba86f6c079963c7947a5de8f3dd2597d76988918de29482795e99b2574f8a9
东南亚与景德镇瓷器,southeast-asia-jingdezhen,全球,P2,待核保留,待核保留,有限研究已结束，缺证据项归档；保持生产原文,当前主要表述为“景德镇瓷器通过贸易进入东南亚，考古与馆藏可构成传播证据。”；已有链接未给出足够直接论据来补具体年代、作品或地方经历。保留该主题，缺直接材料时不据相关概述扩大叙述。,4,7538986b52eb0d0fe0d6d559adbdfd2437bd66f15980b2d6b5e8f3e88aa1f367
窑户与窑主,kiln-owners,人物,P2,待核保留,待核保留,有限研究已结束，缺证据项归档；保持生产原文,当前主要表述为“窑户与窑主连接生产组织、资本和地方社会。”；已有链接未给出足够直接论据来补具体年代、作品或地方经历。保留该主题，缺直接材料时不据相关概述扩大叙述。,4,06bff55f1a6cbf35bf816a3df00253ed16f0cb1959f4abed971c47a66f82313b
茶叶末釉,tea-dust-glaze,器物,P2,待核保留,待核保留,有限研究已结束，缺证据项归档；保持生产原文,当前主要表述为“茶叶末类颜色釉是清代单色釉研究的重要对象。”；已有链接未给出足够直接论据来补具体年代、作品或地方经历。保留该主题，缺直接材料时不据相关概述扩大叙述。,4,743e93f832ca99168094e120c78244b796f582a674bef9c1420d9603ea56e16d
乾隆时期景德镇瓷,qianlong-jingdezhen-porcelain,器物,P2,待核保留,待核保留,有限研究已结束，缺证据项归档；保持生产原文,当前主要表述为“乾隆时期景德镇生产在彩瓷、颜色釉和器形方面高度多样化。”；已有链接未给出足够直接论据来补具体年代、作品或地方经历。保留该主题，缺直接材料时不据相关概述扩大叙述。,4,dc00f2ee197f65c59a2f6d01820d72b2f2e5bf6f5145ef9fedbfd4cb36baa866
成化斗彩,chenghua-doucai,器物,P1,修订正文,修订正文；修正来源,有依据的待批准稿已准备；生产未修改,明确是品类，避免误把品类当无馆藏号的单件。,4,0d6313fb167112a654928d5ea3829125fe7757368210f7648970076d8e695408
窑业燃料供应,kiln-fuel-system,窑址与城市空间,P2,修订正文,修订正文；修正来源,有依据的待批准稿已准备；生产未修改,以对应生产/组织资料补足主题解释，限定档案不足部分。,4,35ab37258653d03fe429970c5278136a5ac989e3a064508b2db9f50163aa0f1d
康熙黑釉瓶,kangxi-black-glaze-vase,器物,P0,修订正文,修订正文；修正来源；待核保留,有依据的待批准稿已准备；生产未修改,原文宣称具体馆藏却没有对象编号；共用引用指向别物。仅撤回无法支撑的对象绑定并清楚提示待核，不指定相似藏品。,4,0195befabfe160f0df9f8822058307c3b509f39e59a0b04ec2baca7dd76ac226
瓷器贸易网络,porcelain-trade,历史,P1,修订正文,修订正文；修正来源,有依据的待批准稿已准备；生产未修改,用具体贸易器物说明市场反馈，避免无档案的路线和数量。,4,995cc3ae1ade0948a9b6dfe3740ce4558f5342de771ff540907a5c43920e4bac
窑址地层学,archaeological-stratigraphy,全球,P3,保持原文,保持原文,保持当前生产内容，无数据库差异,已发布正文有主题解释与资料边界，未发现本轮可证必须改写的问题；保留正式稿，不把未发现错误称为全部史实已核验。,5,36ce15bd47d0bcd06cd0742aa84e0de38c3097011ef007c6d26c6deaf6d00ed1
制瓷分工,porcelain-craft-division-labor,工艺,P3,保持原文,保持原文,保持当前生产内容，无数据库差异,已发布正文有主题解释与资料边界，未发现本轮可证必须改写的问题；保留正式稿，不把未发现错误称为全部史实已核验。,5,513ce9dd41bb4bc32684a786ccc9f0d30bbac158ee7671f4c16e031398e2eb10
雍正绿松石釉瓶,yongzheng-turquoise-vase,器物,P0,修订正文,修订正文；修正来源；待核保留,有依据的待批准稿已准备；生产未修改,原文宣称具体馆藏却没有对象编号；共用引用指向别物。仅撤回无法支撑的对象绑定并清楚提示待核，不指定相似藏品。,4,bfc17632c18d24437afa6980bc4de6202d6778e463d0bda5e2311040416a210b
乾隆浅蓝釉瓶,qianlong-lightblue-vase,器物,P0,修订正文,修订正文；修正来源；待核保留,有依据的待批准稿已准备；生产未修改,原文宣称具体馆藏却没有对象编号；共用引用指向别物。仅撤回无法支撑的对象绑定并清楚提示待核，不指定相似藏品。,4,4ac4682667a18bba1fcb5982ba90a78c9f6b8f407a2f0c0c200faa6edc928a0e
民窑,civilian-kilns,历史,P2,待核保留,待核保留,有限研究已结束，缺证据项归档；保持生产原文,当前主要表述为“民窑与御窑共同构成景德镇瓷业体系。”；已有链接未给出足够直接论据来补具体年代、作品或地方经历。保留该主题，缺直接材料时不据相关概述扩大叙述。,4,58f01c557f353078bc717c2f359abdde6ad6c06eaefa59392375f9d1577b4540
豇豆红与桃花片,peachbloom-glaze,器物,P2,待核保留,待核保留,有限研究已结束，缺证据项归档；保持生产原文,当前主要表述为“康熙时期景德镇桃红色单色釉是清代颜色釉研究的重要方向。”；已有链接未给出足够直接论据来补具体年代、作品或地方经历。保留该主题，缺直接材料时不据相关概述扩大叙述。,4,17853cc48a3f51c11e45e56cb69fb0d6351e60cff6a9a32ca748a168f2eea083
永乐铜红釉盘,yongle-copper-red-dish,器物,P3,保持原文,保持原文,保持当前生产内容，无数据库差异,已发布正文有主题解释与资料边界，未发现本轮可证必须改写的问题；保留正式稿，不把未发现错误称为全部史实已核验。,5,199121538cf58920c10e9981e3df5e10f5f72579e55dc7f3a6f2a962bc34fafd
官民窑关系,imperial-civilian-kilns,历史,P3,保持原文,保持原文,保持当前生产内容，无数据库差异,已发布正文有主题解释与资料边界，未发现本轮可证必须改写的问题；保留正式稿，不把未发现错误称为全部史实已核验。,5,a8c3e1f2097ac7316b80e4cae585f61427933d36262d8ecd3ef02192160b296a
祭红,sacrificial-red,器物,P2,待核保留,待核保留,有限研究已结束，缺证据项归档；保持生产原文,当前主要表述为“祭红是永乐、宣德时期重要的高温铜红釉类型。”；已有链接未给出足够直接论据来补具体年代、作品或地方经历。保留该主题，缺直接材料时不据相关概述扩大叙述。,4,4c6d5ce572b69023858e6d85c32c2cc283f6db58ce9f6ea8db08282f5f64f9d9
郎廷极,lang-tingji,人物,P1,修正来源,修正来源；最小正文校对,有依据的待批准稿已准备；生产未修改,收敛到已读的故宫郎窑红梅瓶记录，删除没有配套来源的中国国家博物馆表述；仅作出处一致性校对，不增加生平事实。,4,ecc654ad2afe76b7931c25f42659428e41a8d71b8a2bf38dd693aac27593ea56
二元配方,binary-formula,工艺,P3,保持原文,保持原文,保持当前生产内容，无数据库差异,已发布正文有主题解释与资料边界，未发现本轮可证必须改写的问题；保留正式稿，不把未发现错误称为全部史实已核验。,5,e4b0ad00dd95fb8b1bcac7a11e6836ecc4ea34d26d77fcab0c430f749d685882
颜色釉瓷,colored-glaze,器物,P3,保持原文,保持原文,保持当前生产内容，无数据库差异,已发布正文有主题解释与资料边界，未发现本轮可证必须改写的问题；保留正式稿，不把未发现错误称为全部史实已核验。,4,c3f36bc37727cf9cd574fdb0403c88cf6d27d25ae370b5d285c9f79eb1c6ccf6
景德镇颜色釉相关资料,r29,文献,P3,保持原文,保持原文,保持当前生产内容，无数据库差异,按当前主题/书目入口检查，既有内容可保留；没有充分新增证据支持必要改写，不为长度扩写。,4,82a472c395077ad40a74a2c5e10a7d5a5ae3e4ac109d56726b31875a6f5da4a0
雍正刻花青釉瓶,yongzheng-relief-vase,器物,P0,修订正文,修订正文；修正来源；待核保留,有依据的待批准稿已准备；生产未修改,原文宣称具体馆藏却没有对象编号；共用引用指向别物。仅撤回无法支撑的对象绑定并清楚提示待核，不指定相似藏品。,4,44f0c04849c0ec62cd0306105d02053c846f48a8d03b76d4e2cf3abecd95f42e
有田窑·有田烧,arita-kiln,窑址,P3,保持原文,保持原文,保持当前生产内容，无数据库差异,按当前主题/书目入口检查，既有内容可保留；没有充分新增证据支持必要改写，不为长度扩写。,3,30c620a6c60ce739b6640fd663bc916dfdf116bae032d897f74112890887b136
巴特朗陶窑,bat-trang,窑址,P3,保持原文,保持原文,保持当前生产内容，无数据库差异,按当前主题/书目入口检查，既有内容可保留；没有充分新增证据支持必要改写，不为长度扩写。,4,09d393a477e857bdf31bd8e7f6f17406b1ff52a262cc87a274fc6949162fdad0
朱琰,zhu-yan,人物,P3,保持原文,保持原文,保持当前生产内容，无数据库差异,按当前主题/书目入口检查，既有内容可保留；没有充分新增证据支持必要改写，不为长度扩写。,3,a556909838737b60dabb23de1e36333d54dec0e66b4fe95fc6541bd261c65bab
《陶说》,tao-shuo,文献,P3,保持原文,保持原文,保持当前生产内容，无数据库差异,按当前主题/书目入口检查，既有内容可保留；没有充分新增证据支持必要改写，不为长度扩写。,3,868eac2da1cde14114d036b29df234310bdfa209601c2797c219b4d0faedc775
Jean-Baptiste du Halde（杜赫德）,jean-baptiste-du-halde,人物,P3,保持原文,保持原文,保持当前生产内容，无数据库差异,已发布正文有主题解释与资料边界，未发现本轮可证必须改写的问题；保留正式稿，不把未发现错误称为全部史实已核验。,5,ba2c2e767267c0851b02f68ad36dc5f96a96921f355b4f448c0347181569d44f
日本陶瓷,japan-ceramics,窑址,P3,保持原文,保持原文,保持当前生产内容，无数据库差异,Met江户时期日本瓷器文章可支持限定日本瓷业语境，不据此证实须惠器至近代的全部叙述；不重写已说明的多来源关系。,5,4fda3f6e9d89897c9be6e26b703ed41569ad6656e312bc8f28c1b885265d8d7b
有田与景德镇青花传统,arita-jingdezhen,东亚,P3,保持原文,保持原文,保持当前生产内容，无数据库差异,已发布正文有主题解释与资料边界，未发现本轮可证必须改写的问题；保留正式稿，不把未发现错误称为全部史实已核验。,5,a1e533c54ab8bc22cea6b92072bca69eb6836e17351351ee1e6c43deefdf9218
御窑厂遗址,imperial-kiln,窑址,P3,保持原文,保持原文,保持当前生产内容，无数据库差异,按当前主题/书目入口检查，既有内容可保留；没有充分新增证据支持必要改写，不为长度扩写。,4,0a76d2285f8ea3e76c5ffe42d81e34cbe27836fe5ad48fef747f837abdf10cfd
装烧与烧成,kiln-firing,工艺,P3,保持原文,保持原文,保持当前生产内容，无数据库差异,已发布正文有主题解释与资料边界，未发现本轮可证必须改写的问题；保留正式稿，不把未发现错误称为全部史实已核验。,5,15af26a9ece74832c8a032aff36ca8e1edcf0d637dd028f76ce011934ada19f6
康熙五彩釉上彩瓶,kangxi-famille-verte-vase,器物,P0,修订正文,修订正文；修正来源；待核保留,有依据的待批准稿已准备；生产未修改,原文宣称具体馆藏却没有对象编号；共用引用指向别物。仅撤回无法支撑的对象绑定并清楚提示待核，不指定相似藏品。,4,b16f06d182547b368c33e3ebb21fbb74383e71b3990b10aef740aa5a7ef838d8
瓷片与考古标本,porcelain-sherds,全球,P3,保持原文,保持原文,保持当前生产内容，无数据库差异,已发布正文有主题解释与资料边界，未发现本轮可证必须改写的问题；保留正式稿，不把未发现错误称为全部史实已核验。,5,0176b84a5eab5eef69a259055b5882849433600514665daf880b09449cc65458
长岭瓷石采掘区,changling-stone,窑址,P3,保持原文,保持原文,保持当前生产内容，无数据库差异,按当前主题/书目入口检查，既有内容可保留；没有充分新增证据支持必要改写，不为长度扩写。,4,84e5ff215844594e61d6ce50aa298303a092ba831e66200a8b2c0c30f72be01c
元：青花与釉下彩绘,yuan-blue-white,历史,P3,保持原文,保持原文,保持当前生产内容，无数据库差异,已发布正文有主题解释与资料边界，未发现本轮可证必须改写的问题；保留正式稿，不把未发现错误称为全部史实已核验。,5,10582344c6132e1310a66f6cccb29b294b7ae0cc55024bfe0972c358e7fe0e2a
景德镇窑青花莲池纹瓶（Met 1991.253.33）,met-1991-253-33,器物,P3,保持原文,保持原文,保持当前生产内容，无数据库差异,已发布正文有主题解释与资料边界，未发现本轮可证必须改写的问题；保留正式稿，不把未发现错误称为全部史实已核验。,5,d3c79fb6e51e7575bad781c433ae69b701b302c021fc884b29ab2a96c7013ece
康熙五彩描金瓶,kangxi-famille-verte-gilt-vase,器物,P0,修订正文,修订正文；修正来源；待核保留,有依据的待批准稿已准备；生产未修改,原文宣称具体馆藏却没有对象编号；共用引用指向别物。仅撤回无法支撑的对象绑定并清楚提示待核，不指定相似藏品。,4,cb08749c682584939b33276883cc8250d0ab4a0f468a42de028da3cacf489cb4
康熙五彩蒙太斯酒钵,kangxi-famille-verte-monteith,器物,P0,修订正文,修订正文；修正来源；待核保留,有依据的待批准稿已准备；生产未修改,原文宣称具体馆藏却没有对象编号；共用引用指向别物。仅撤回无法支撑的对象绑定并清楚提示待核，不指定相似藏品。,4,529806167334654f2b1a57a053529545668a83b878a17cad49de79af43cc9b13
年希尧,nian-xiyao,人物,P3,保持原文,保持原文,保持当前生产内容，无数据库差异,按当前主题/书目入口检查，既有内容可保留；没有充分新增证据支持必要改写，不为长度扩写。,4,2ea5e02835706d615f96b2229bab037db724af96db5f6008f4a30fd1e34e6884
外销瓷,export-porcelain,历史,P3,保持原文,保持原文,保持当前生产内容，无数据库差异,已发布正文有主题解释与资料边界，未发现本轮可证必须改写的问题；保留正式稿，不把未发现错误称为全部史实已核验。,5,736cfaa49f9f5a8bd779ef6759759a21fe456785acd30f57957e7eb47a379d06
瓷器款识,porcelain-marks,全球,P3,保持原文,保持原文,保持当前生产内容，无数据库差异,已发布正文有主题解释与资料边界，未发现本轮可证必须改写的问题；保留正式稿，不把未发现错误称为全部史实已核验。,5,905cd34bc345fabfceebbe159725d9c3d5c6ed98e80119b06707af6478e5515f
景德镇青釉,celadon-glaze-jingdezhen,器物,P2,待核保留,待核保留,有限研究已结束，缺证据项归档；保持生产原文,当前主要表述为“景德镇生产多种单色釉瓷，青釉类器物可用于比较地方传统与仿古技术。”；已有链接未给出足够直接论据来补具体年代、作品或地方经历。保留该主题，缺直接材料时不据相关概述扩大叙述。,4,a9eb44d79d533b58044a508c08520ac3d122593620f4419af59cd05a7a5ddd47
青花瓷,blue-and-white,器物,P3,保持原文,保持原文,保持当前生产内容，无数据库差异,按当前主题/书目入口检查，既有内容可保留；没有充分新增证据支持必要改写，不为长度扩写。,5,68183c950dd756dd2c8bdd46926b5aa1e820ae7451fe7e1ef711bba7e6ed14ff
欧洲中国风与景德镇瓷,chinoiserie,历史,P3,保持原文,保持原文,保持当前生产内容，无数据库差异,已发布正文有主题解释与资料边界，未发现本轮可证必须改写的问题；保留正式稿，不把未发现错误称为全部史实已核验。,5,1b48b2523b93a476d714d6b715b0fe63bc08c4c562643f9e11e090edfb272c2c
水运与瓷业运输,river-transport,窑址与城市空间,P2,待核保留,待核保留,有限研究已结束，缺证据项归档；保持生产原文,当前主要表述为“水运把城市生产中心与原料、燃料和贸易节点连接起来。”；已有链接未给出足够直接论据来补具体年代、作品或地方经历。保留该主题，缺直接材料时不据相关概述扩大叙述。,4,2000c54b53f417ae235be23a30e66ca8bbfc16725864f0ca0b9e712a7e6b33a6
邢窑,xing-kiln,窑址,P1,待核保留,待核保留,有限研究已结束，缺证据项归档；保持生产原文,邢窑需当地馆藏、考古或机构史资料；UNESCO5806主要是浙江青瓷遗址及部分东亚影响比较，不足以核验此条完整历史。保留现记录待核，不借越窑/龙泉纪年补其身份或工艺。,4,c63bfc8d646b49dd94e6bb62b14b305d2c7dcf8f23ca99a0d5152ad28f0f4239
欧洲与景德镇瓷器,europe-jingdezhen,全球,P2,待核保留,待核保留,有限研究已结束，缺证据项归档；保持生产原文,当前主要表述为“十六世纪以后景德镇瓷器大量进入欧洲。”；已有链接未给出足够直接论据来补具体年代、作品或地方经历。保留该主题，缺直接材料时不据相关概述扩大叙述。,4,946f18401a43a1a67ffe7924a4f7d9da1e052f6688d6ffb48232e4acf8d3ec75
甜白瓷,sweet-white-porcelain,器物,P3,保持原文,保持原文,保持当前生产内容，无数据库差异,已发布正文有主题解释与资料边界，未发现本轮可证必须改写的问题；保留正式稿，不把未发现错误称为全部史实已核验。,5,fe0190201ee55cc1e4df83bdaf4b6069fe9862e33d14c96be1416dcc05dfc870
面向日本市场的景德镇瓷,japanese-export-porcelain,东亚,P3,保持原文,保持原文,保持当前生产内容，无数据库差异,已发布正文有主题解释与资料边界，未发现本轮可证必须改写的问题；保留正式稿，不把未发现错误称为全部史实已核验。,5,c9866a1c1f0c464b2d5962299ea49bb2208a75783abe951f41bdd8fa0da891f5
瓷石,porcelain-stone,工艺,P3,保持原文,保持原文,保持当前生产内容，无数据库差异,已发布正文有主题解释与资料边界，未发现本轮可证必须改写的问题；保留正式稿，不把未发现错误称为全部史实已核验。,5,a06f9f402aec66f82d6005db82b8efc0ba57d24203999f42ac4aad1b6c63e6cc
高岭土,kaolin-clay,工艺,P3,保持原文,保持原文,保持当前生产内容，无数据库差异,已发布正文有主题解释与资料边界，未发现本轮可证必须改写的问题；保留正式稿，不把未发现错误称为全部史实已核验。,5,3484c9fca35e9cb073b179193701d70f40e46b7bc22d746b0cad75ef4a58516a
景德镇高温红釉,red-glaze-jingdezhen,器物,P3,保持原文,保持原文,保持当前生产内容，无数据库差异,已发布正文有主题解释与资料边界，未发现本轮可证必须改写的问题；保留正式稿，不把未发现错误称为全部史实已核验。,5,e3a33799174ecbe55b56b13115c4536ad6090f63e3b95268873508d2c18e1b28
御窑管理制度,imperial-kiln-management,历史,P3,保持原文,保持原文,保持当前生产内容，无数据库差异,已发布正文有主题解释与资料边界，未发现本轮可证必须改写的问题；保留正式稿，不把未发现错误称为全部史实已核验。,5,d2138ef436481896f187193c095559f53950148a0355e3646490e00e2efce7ed
年款与官窑款识,reign-marks,全球,P3,保持原文,保持原文,保持当前生产内容，无数据库差异,已发布正文有主题解释与资料边界，未发现本轮可证必须改写的问题；保留正式稿，不把未发现错误称为全部史实已核验。,5,a902e366e7ad315b6d5ed9ad68974fc28437421816fc5573517167b2c6ee8374
迈森瓷与景德镇,meissen-jingdezhen,全球,P3,保持原文,保持原文,保持当前生产内容，无数据库差异,已发布正文有主题解释与资料边界，未发现本轮可证必须改写的问题；保留正式稿，不把未发现错误称为全部史实已核验。,5,6bcc7f7fa068086e52450470b49815d51d661d1e84eecc089ae0a9029ffbad16
葡萄牙与中国瓷器贸易,portuguese-porcelain-trade,全球,P3,保持原文,保持原文,保持当前生产内容，无数据库差异,已发布正文有主题解释与资料边界，未发现本轮可证必须改写的问题；保留正式稿，不把未发现错误称为全部史实已核验。,5,f79c9ecbefe7a7f1f23515a36fa318af573060fa5a2b8d8306d4d8e31414a8e9
五代—宋：湖田窑与青白瓷,five-dynasties-song,历史,P3,保持原文,保持原文,保持当前生产内容，无数据库差异,已发布正文有主题解释与资料边界，未发现本轮可证必须改写的问题；保留正式稿，不把未发现错误称为全部史实已核验。,5,68222cceabedb27896cfd49e4acc37bfa5f6501b73513f85b763f3df715410e9
《天工开物》,tian-gong-kai-wu,文献,P3,保持原文,保持原文,保持当前生产内容，无数据库差异,按当前主题/书目入口检查，既有内容可保留；没有充分新增证据支持必要改写，不为长度扩写。,4,a3b31fc87382c357653f0899d694d9f9dbd7a1b0a6a00e70c1a19d49c7fdcb7a
张松茂,zhang-songmao,人物,P3,保持原文,保持原文,保持当前生产内容，无数据库差异,已发布正文有主题解释与资料边界，未发现本轮可证必须改写的问题；保留正式稿，不把未发现错误称为全部史实已核验。,5,92aff3a7da74becb4573e131154b0cf5e6f757553e6742aee648ad44a2ddf8b4
李政道,li-zhengdao,人物,P3,保持原文,保持原文,保持当前生产内容，无数据库差异,已发布正文有主题解释与资料边界，未发现本轮可证必须改写的问题；保留正式稿，不把未发现错误称为全部史实已核验。,5,49c0d1161b970bef402ebabc41e5eb47e29dde5db25e538b04147ee5fbe7fdb0
外销定制生产,export-kiln-production,历史,P3,保持原文,保持原文,保持当前生产内容，无数据库差异,已发布正文有主题解释与资料边界，未发现本轮可证必须改写的问题；保留正式稿，不把未发现错误称为全部史实已核验。,5,8f3c282e2f57a1cc2f43681e9a13d0354fb492d3b7824423b90645606700260c
北京大学：景德镇明清御窑厂遗址,r03,文献,P3,保持原文,保持原文,保持当前生产内容，无数据库差异,已发布正文有主题解释与资料边界，未发现本轮可证必须改写的问题；保留正式稿，不把未发现错误称为全部史实已核验。,5,122792d5454f1fc66c71fc32729dbefd341929f484c80b79b88b13dd65f8f587
Robert Finlay（罗伯特·芬雷）,robert-finlay,人物,P2,保持原文,保持原文,保持当前生产内容，无数据库差异,书目已存在，可保留研究者身份与研究方向的有限概述；不依据书目信息编造到访经历或具体书中结论。,4,8eeeb1b183fb916ab41b0e8aa73531a690fb6dde415ecd9f093ea56d85f82540
《粉彩工艺与艺术风格的演变》,r25,文献,P3,保持原文,保持原文,保持当前生产内容，无数据库差异,已发布正文有主题解释与资料边界，未发现本轮可证必须改写的问题；保留正式稿，不把未发现错误称为全部史实已核验。,5,ed7bb8306aa3732921680f8eec7c8bbfbaaf16363e332454d4b1f6886ee2d233
钧窑·禹州,jun-kiln,窑址,P3,保持原文,保持原文,保持当前生产内容，无数据库差异,已发布正文有主题解释与资料边界，未发现本轮可证必须改写的问题；保留正式稿，不把未发现错误称为全部史实已核验。,5,c98f3b64a64a33c7ef519a64fbf6964080cea6d9c221ac82a6d31e66504825b2
《景德镇瓷器生产“二元配方”起源初探——兼论高岭土开发史》,r11,文献,P3,保持原文,保持原文,保持当前生产内容，无数据库差异,已发布正文有主题解释与资料边界，未发现本轮可证必须改写的问题；保留正式稿，不把未发现错误称为全部史实已核验。,5,08ff7c707991340fcbf82030670594c8f999dd9206e1e8076ffd4cd5b4cdcf31
明：御窑厂与官作体系,ming-imperial-kiln,历史,P3,保持原文,保持原文,保持当前生产内容，无数据库差异,已发布正文有主题解释与资料边界，未发现本轮可证必须改写的问题；保留正式稿，不把未发现错误称为全部史实已核验。,5,20375e9fcf4d4383d86e24b151a6b8016097e8bd2ec2290e03b20f8bbb4d4a90
荷兰东印度公司与瓷器贸易,dutch-east-india-company,全球,P3,保持原文,保持原文,保持当前生产内容，无数据库差异,已发布正文有主题解释与资料边界，未发现本轮可证必须改写的问题；保留正式稿，不把未发现错误称为全部史实已核验。,5,6a9761ad0a5b2fba24ee59e16a489bb26158b36870e96dd0c5abcf49545c8965
柳宗元,liu-zongyuan,人物,P2,待核保留,待核保留,有限研究已结束，缺证据项归档；保持生产原文,《进瓷器状》所进瓷的产地必须另考；作者与饶州官员的文字不独立证明这些瓷器都为景德镇产品，不强化“直接文字”结论。,4,857e4171683ee6ec2a09b58a27f8db9d04165b5bbb80639b50739a49c625dc68
《耶稣会士书信集》中的景德镇报告,lettres-edifiantes-porcelaine,文献,P3,保持原文,保持原文,保持当前生产内容，无数据库差异,已发布正文有主题解释与资料边界，未发现本轮可证必须改写的问题；保留正式稿，不把未发现错误称为全部史实已核验。,5,15d283ac2f5f3d1c4d14109562f0ec38024b8ebf780006ed5fb3cd66a82e69c8
湖田窑,hutian-kiln,窑址,P3,保持原文,保持原文,保持当前生产内容，无数据库差异,已发布正文有主题解释与资料边界，未发现本轮可证必须改写的问题；保留正式稿，不把未发现错误称为全部史实已核验。,4,ef45586c81cc64f355697378f5fb68153a8b304fa22096b815beb08a50e6303d
田鹤仙,tian-hexian,人物,P2,待核保留,待核保留,有限研究已结束，缺证据项归档；保持生产原文,当前主要表述为“田鹤仙以梅花题材著称，是近代景德镇文人瓷画的重要人物。 近代瓷画家、珠山八友成员。”；已有链接未给出足够直接论据来补具体年代、作品或地方经历。保留该主题，缺直接材料时不据相关概述扩大叙述。,4,d129c6604f63b5ff4d53379a67cfa03733c6d002791adcb43dcc694f4d30e3f6
李日华,li-rihua,人物,P2,待核保留,待核保留,有限研究已结束，缺证据项归档；保持生产原文,当前主要表述为“明代文人，曾在《紫桃轩杂缀》中记述景德镇制瓷名家吴昊十九。”；已有链接未给出足够直接论据来补具体年代、作品或地方经历。保留该主题，缺直接材料时不据相关概述扩大叙述。,4,b764df21e99a037a6ea9c426a1c493e059d982a24675f692a223cf80a3a0997f
The Pilgrim Art: Cultures of Porcelain in World History,pilgrim-art,文献,P3,保持原文,保持原文,保持当前生产内容，无数据库差异,属于书目入口，短摘要不等于百科缺陷；保留现书名作者与研究范围，不把出版/销售页面当读过全文。,4,d676660606045f2caa26635fe01a890c02a295682423c983ed48a93ee70a9dca
谢旻,xie-min,人物,P2,待核保留,待核保留,有限研究已结束，缺证据项归档；保持生产原文,当前主要表述为“清代地方文献作者，记述景德镇制陶业的广泛吸引力。”；已有链接未给出足够直接论据来补具体年代、作品或地方经历。保留该主题，缺直接材料时不据相关概述扩大叙述。,4,914147659e3c8d9f0499e474c44ff0e4dcf6bcd9603b824946d8c420d5ddf825
粉彩瓷,fencai,器物,P3,保持原文,保持原文,保持当前生产内容，无数据库差异,已发布正文有主题解释与资料边界，未发现本轮可证必须改写的问题；保留正式稿，不把未发现错误称为全部史实已核验。,4,feec1b3914c5fc5e73b632643ee631ae178849dc70ff0f4fdc26c5492d634add
宜兴窑,yixing-kiln,窑址,P3,保持原文,保持原文,保持当前生产内容，无数据库差异,区分宜兴炻器与景德镇瓷器的比较方向合理，已有实物与欧洲史线索；具体技术因果没有新证据，保留既有界限，不增加传播路径。,3,1ba74f8e9034a6607bf56f26713ba93b6476c3cb8aa287ceaf809a7ef7af494f
高岭土矿采掘区,gaoling-mining,窑址,P3,保持原文,保持原文,保持当前生产内容，无数据库差异,按当前主题/书目入口检查，既有内容可保留；没有充分新增证据支持必要改写，不为长度扩写。,4,7995c008de9f4b0c05b575142b89eb91538f3ffa0b02c689b1c90df4d5d5c8a1
臧应选,zang-yingxuan,人物,P3,保持原文,保持原文,保持当前生产内容，无数据库差异,按当前主题/书目入口检查，既有内容可保留；没有充分新增证据支持必要改写，不为长度扩写。,4,1dace2328ff742f3dbd86af4b750751f568e97be3d48fd4fb9121b9cd72f14c1
李先念,li-xiannian,人物,P2,待核保留,待核保留,有限研究已结束，缺证据项归档；保持生产原文,当前主要表述为“曾为景德镇国际陶瓷节题词。”；已有链接未给出足够直接论据来补具体年代、作品或地方经历。保留该主题，缺直接材料时不据相关概述扩大叙述。,4,f911cdf9b18bc1a669fd9cd348d6e3ab178ba8d0ee71a4b30fb0cf4aadde3d8a
UNESCO：Jingdezhen Handicraft Porcelain Industry Sites / 景德镇手工瓷业遗存,r23,文献,P3,保持原文,保持原文,保持当前生产内容，无数据库差异,已发布正文有主题解释与资料边界，未发现本轮可证必须改写的问题；保留正式稿，不把未发现错误称为全部史实已核验。,5,522824375079f6a260213f2f1ced94811c2728101e127dc0dc76baa2055e1c6a
陈淯,chen-yu,人物,P2,待核保留,待核保留,有限研究已结束，缺证据项归档；保持生产原文,当前主要表述为“清代地方文献作者，记述景德镇因陶业而形成的都会景象。”；已有链接未给出足够直接论据来补具体年代、作品或地方经历。保留该主题，缺直接材料时不据相关概述扩大叙述。,4,487ac26e1035c5720b3cd201885874b0ce43cceaa09cd0aaa7bccf7d47b84646
彭器资,peng-qizi,人物,P2,待核保留,待核保留,有限研究已结束，缺证据项归档；保持生产原文,当前主要表述为“北宋诗人、文臣。其《送许屯田》诗留下了现存较早的景德镇地区制瓷赞语之一。”；已有链接未给出足够直接论据来补具体年代、作品或地方经历。保留该主题，缺直接材料时不据相关概述扩大叙述。,4,574d4f9f9948eac2371d193464c3e618820724fadc204f1b2f2f9f9dcc4e8aa2
景德镇窑,jingdezhen,窑址,P3,保持原文,保持原文,保持当前生产内容，无数据库差异,按当前主题/书目入口检查，既有内容可保留；没有充分新增证据支持必要改写，不为长度扩写。,4,3f635589a245c6c61c0f237c71072752125995b090065538a9bb9ba6f8561f12
朝鲜半岛陶瓷,korea-ceramics,窑址,P1,待核保留,待核保留,有限研究已结束，缺证据项归档；保持生产原文,朝鲜半岛陶瓷需当地馆藏、考古或机构史资料；UNESCO5806主要是浙江青瓷遗址及部分东亚影响比较，不足以核验此条完整历史。保留现记录待核，不借越窑/龙泉纪年补其身份或工艺。,5,e15cf4fea5e18dde6db0d06e8d7b9b55fa797462eab0e5c00bbffcf6007750cf
瓷业码头,porcelain-wharf,窑址与城市空间,P2,待核保留,待核保留,有限研究已结束，缺证据项归档；保持生产原文,当前主要表述为“码头和河流连接生产中心与外部贸易。”；已有链接未给出足够直接论据来补具体年代、作品或地方经历。保留该主题，缺直接材料时不据相关概述扩大叙述。,4,f035b06d11db2b8fa0230eedfe0a8c198142b693c6a2b1a6482f21847c6af405
黄云鹏,huang-yunpeng,人物,P3,保持原文,保持原文,保持当前生产内容，无数据库差异,已发布正文有主题解释与资料边界，未发现本轮可证必须改写的问题；保留正式稿，不把未发现错误称为全部史实已核验。,5,2d771926eb0da2f391a49c4e8280935430a83a9b38e47769e21c656a9a1fcb8a
占绍林,zhan-shaolin,人物,P2,待核保留,待核保留,有限研究已结束，缺证据项归档；保持生产原文,当前主要表述为“占绍林是现代景德镇陶瓷艺术与创作体系中的人物。 现代景德镇陶瓷艺术人物。”；已有链接未给出足够直接论据来补具体年代、作品或地方经历。保留该主题，缺直接材料时不据相关概述扩大叙述。,4,9fa8141ac3d85e6d55f77926289031406ffd65c1e803e38722c13e590a956947
《景德镇湖田窑址：1988—1999年考古发掘报告》,r01,文献,P3,保持原文,保持原文,保持当前生产内容，无数据库差异,按当前主题/书目入口检查，既有内容可保留；没有充分新增证据支持必要改写，不为长度扩写。,4,32183479914e4e8065aa32888ecde002d155f960589b59cb94199dd733a7cf9a
《景德镇明清御窑遗址：2002—2004年珠山北麓考古发掘报告》,r02,文献,P3,保持原文,保持原文,保持当前生产内容，无数据库差异,按当前主题/书目入口检查，既有内容可保留；没有充分新增证据支持必要改写，不为长度扩写。,4,d7a6b5593a5ba320002007694ffb2c04209c9bacdcbc3ca4bd0b590a53a2141f
伊斯兰世界与景德镇瓷,islamic-world-jingdezhen,全球,P2,待核保留,待核保留,有限研究已结束，缺证据项归档；保持生产原文,当前主要表述为“元明景德镇青花与伊斯兰世界市场之间的关系可通过器物与贸易研究。”；已有链接未给出足够直接论据来补具体年代、作品或地方经历。保留该主题，缺直接材料时不据相关概述扩大叙述。,4,2f4f35d26aabf1092d137acda42a402fb659f4199dc8db263b142e886d93ce2d
朝鲜半岛与景德镇青花,korean-jingdezhen-bluewhite,东亚,P2,待核保留,待核保留,有限研究已结束，缺证据项归档；保持生产原文,当前主要表述为“朝鲜半岛青花生产可作为中国青花在东亚传播的比较入口。”；已有链接未给出足够直接论据来补具体年代、作品或地方经历。保留该主题，缺直接材料时不据相关概述扩大叙述。,4,d79ec89c6398cd2d73ef1b17c31c0a0ff873bbeca5fb05b27f56dacc04352f35
1909—1910：近代企业与陶业教育,modern-industry,历史,P3,保持原文,保持原文,保持当前生产内容，无数据库差异,已发布正文有主题解释与资料边界，未发现本轮可证必须改写的问题；保留正式稿，不把未发现错误称为全部史实已核验。,5,4e692821686a52a6f171bcfb6cc7adab19995d956ce0022efa2657879bfe3524
清：御窑、彩瓷与颜色釉,qing-colors,历史,P2,待核保留,待核保留,有限研究已结束，缺证据项归档；保持生产原文,当前主要表述为“清代景德镇御窑、粉彩和颜色釉等装饰体系继续发展，相关文献记录了陶务、陶匠和色料等信息。 清代御窑制度与彩瓷、颜色釉发展。”；已有链接未给出足够直接论据来补具体年代、作品或地方经历。保留该主题，缺直接材料时不据相关概述扩大叙述。,4,e955da1c8fbe7aad77d360442db24567b2e49a4357571b6c1cf0ef511e6f8c31
田汉,tian-han,人物,P2,待核保留,待核保留,有限研究已结束，缺证据项归档；保持生产原文,当前主要表述为“现代戏剧家、诗人。曾以诗歌赞誉景德镇陶瓷艺术家及其作品。”；已有链接未给出足够直接论据来补具体年代、作品或地方经历。保留该主题，缺直接材料时不据相关概述扩大叙述。,4,b0cd653508358ca417ba65b74b1cd685cbe55aa77d6f5ccb9e7fbb28a1dceb03
2002—2014：御窑厂主动性考古,active-archaeology,历史,P3,保持原文,保持原文,保持当前生产内容，无数据库差异,已发布正文有主题解释与资料边界，未发现本轮可证必须改写的问题；保留正式稿，不把未发现错误称为全部史实已核验。,5,c52761229075e7928a31a4867c1fdf8279b70685faf156fa126c03c278659d88
1949—1966：生产制度与科技转型,industry-transition,历史,P3,保持原文,保持原文,保持当前生产内容，无数据库差异,已发布正文有主题解释与资料边界，未发现本轮可证必须改写的问题；保留正式稿，不把未发现错误称为全部史实已核验。,5,28f658c30aae589d73fe21611fe81d8561054b37deb25aeb7dbb5334a557c6a6
利摩日瓷器,limoges-porcelain,窑址,P0,修订正文,修订正文；修正来源；待核保留,有依据的待批准稿已准备；生产未修改,已确认对象来源错配，移除该链接并明确资料范围；保留既有主题，不新增当地史实。,4,6bea362c3bea1aa64a9d9df4fb4e37d7585fb6c7cc6440d31e4cdf3de2e05fc6
耀州窑·黄堡,yaozhou-kiln,窑址,P1,待核保留,待核保留,有限研究已结束，缺证据项归档；保持生产原文,耀州窑·黄堡需当地馆藏、考古或机构史资料；UNESCO5806主要是浙江青瓷遗址及部分东亚影响比较，不足以核验此条完整历史。保留现记录待核，不借越窑/龙泉纪年补其身份或工艺。,4,5d5a3eff5931d28766f2a7f758dcd469c379350f227d0c481f3d14aab220c007
斯托克陶瓷,stoke-on-trent,窑址,P0,修订正文,修订正文；修正来源；待核保留,有依据的待批准稿已准备；生产未修改,已确认对象来源错配，移除该链接并明确资料范围；保留既有主题，不新增当地史实。,4,5c871c4929ae325c18a56a691f35fa037f2d84fc6d8f1665de86bf0c2bff4cbf
利川陶瓷,icheon-ceramics,窑址,P1,待核保留,待核保留,有限研究已结束，缺证据项归档；保持生产原文,利川陶瓷需当地馆藏、考古或机构史资料；UNESCO5806主要是浙江青瓷遗址及部分东亚影响比较，不足以核验此条完整历史。保留现记录待核，不借越窑/龙泉纪年补其身份或工艺。,4,f2bb262058928e8bd19fde1ef8b33596be9378ac5e964e91d564a7192916c0cf
定窑·曲阳,ding-kiln,窑址,P1,待核保留,待核保留,有限研究已结束，缺证据项归档；保持生产原文,定窑·曲阳需当地馆藏、考古或机构史资料；UNESCO5806主要是浙江青瓷遗址及部分东亚影响比较，不足以核验此条完整历史。保留现记录待核，不借越窑/龙泉纪年补其身份或工艺。,4,a66812cc5cc30e8595b5994b5051e4eca4c78b229b728c71931d442fa6b073ea
万历青花花卉纹盖罐,wanli-bluewhite-jar,器物,P0,修订正文,修订正文；修正来源；待核保留,有依据的待批准稿已准备；生产未修改,原文宣称具体馆藏却没有对象编号；共用引用指向别物。仅撤回无法支撑的对象绑定并清楚提示待核，不指定相似藏品。,4,a635a668284bb68656a0860ff82b2347e1bd19a393f573dd341a97b9eedb50b3
郭沫若,guo-moruo,人物,P2,待核保留,待核保留,有限研究已结束，缺证据项归档；保持生产原文,当前主要表述为“现代文学家、历史学家。20世纪中叶访问景德镇后留下多首与景德镇陶瓷有关的诗作。”；已有链接未给出足够直接论据来补具体年代、作品或地方经历。保留该主题，缺直接材料时不据相关概述扩大叙述。,4,5c40a4b2e4a069a621b4370bf7ec4d802b38694a6815a32058d05fc574a0a28e
《清中期宫廷花鸟画风对粉彩花鸟装饰的影响》,r26,文献,P3,保持原文,保持原文,保持当前生产内容，无数据库差异,已发布正文有主题解释与资料边界，未发现本轮可证必须改写的问题；保留正式稿，不把未发现错误称为全部史实已核验。,5,e17688a35854111cf3268ffaca76844ee36fe0f3eb90df8c4623fe7c5edeeac8
磁州窑·观台,cizhou-kiln,窑址,P1,待核保留,待核保留,有限研究已结束，缺证据项归档；保持生产原文,磁州窑·观台需当地馆藏、考古或机构史资料；UNESCO5806主要是浙江青瓷遗址及部分东亚影响比较，不足以核验此条完整历史。保留现记录待核，不借越窑/龙泉纪年补其身份或工艺。,4,bd2b3fe1822bcf6bb3d05e3c60c27a00d2f930a375ee63e7318b606e06522378
《浮梁县志》乾隆四十八年（1783）刻本,r06,文献,P3,保持原文,保持原文,保持当前生产内容，无数据库差异,按当前主题/书目入口检查，既有内容可保留；没有充分新增证据支持必要改写，不为长度扩写。,4,4ff8dce9c9320c1f8c0c2e2a28765b5696dc761a321856c6217124030541e7a0
李约瑟（Joseph Needham）,joseph-needham,人物,P2,待核保留,待核保留,有限研究已结束，缺证据项归档；保持生产原文,当前主要表述为“英国科学史家。《中国科学技术史》研究中，他特别关注景德镇的制瓷工业与城市组织。”；已有链接未给出足够直接论据来补具体年代、作品或地方经历。保留该主题，缺直接材料时不据相关概述扩大叙述。,4,1db26bf5cd91cb959f572358fbfeaf9da71bc7bad8e4fc4cdee1945f1ff23149
官窑,guan-kiln,窑址,P1,待核保留,待核保留,有限研究已结束，缺证据项归档；保持生产原文,官窑需当地馆藏、考古或机构史资料；UNESCO5806主要是浙江青瓷遗址及部分东亚影响比较，不足以核验此条完整历史。保留现记录待核，不借越窑/龙泉纪年补其身份或工艺。,4,5b2afa9d6e816f20fc73490fd6a5ddfb095bca5b963abe5833ce38d3e476f8cd
哥窑,ge-kiln,窑址,P1,待核保留,待核保留,有限研究已结束，缺证据项归档；保持生产原文,哥窑需当地馆藏、考古或机构史资料；UNESCO5806主要是浙江青瓷遗址及部分东亚影响比较，不足以核验此条完整历史。保留现记录待核，不借越窑/龙泉纪年补其身份或工艺。,4,5aac8e43850a6e4c1e796606898968b0eeee55e1a49f0a62bd3b7943e3101d71
龙泉窑·大窑,longquan-kiln,窑址,P2,保持原文,保持原文,保持当前生产内容，无数据库差异,UNESCO5806直接讨论浙江龙泉青瓷窑址，主题匹配；保持比较性内容，不外推当地每个器物。,4,1ab7cb52295f43353d83c861ee352b2a5ed029033bd837eb51cce8024ea2ff1e
高丽青瓷,goryeo-celadon,窑址,P1,待核保留,待核保留,有限研究已结束，缺证据项归档；保持生产原文,保存既有概述与技术比较界限；浙江青瓷名录不能独立证明高丽完整生产史，对既有额外资料须再核引，不改年代或工匠传播。,4,3bbd1179ac507804604cc6454817e0dafe356bc48821ee641c494f8601125ba9
王琦,wang-qi,人物,P0,待核保留,待核保留,有限研究已结束，缺证据项归档；保持生产原文,文化和旅游部所载恭王府展览可确认成员与参展作品；不可确认1886—1933或研究社经历。原地方志PDF访问异常，日期不改成网上另一组年份，也不标已核实。,4,77fa2ac44a44e5c82e57b10ed7293eb58c4d9aee7e74f56330ff39269f6d0ca5
成化斗彩鸡缸杯,chenghua-doucai-chicken-cup,器物,P1,修订正文,修订正文；修正来源；修正资料字段,有依据的待批准稿已准备；生产未修改,删除系统式证据说明，补具体身份和装饰顺序，不混用其他鸡缸杯。,4,d5a1d6c77cd3e1d6d3d0392a827c6a6b6545fc343dd422cf1bd2e939a9281181
乾隆皇帝,qianlong-emperor,人物,P2,待核保留,待核保留,有限研究已结束，缺证据项归档；保持生产原文,当前主要表述为“清高宗弘历，清代宫廷陶瓷的重要鉴赏者。其御制诗曾直接赞咏景德镇郎窑红等名瓷。”；已有链接未给出足够直接论据来补具体年代、作品或地方经历。保留该主题，缺直接材料时不据相关概述扩大叙述。,4,d0a8e557ef6f02e36bbcffe169336550e4b667bb00b893bac2981be88b6a09b2
谢觉哉,xie-juezai,人物,P2,待核保留,待核保留,有限研究已结束，缺证据项归档；保持生产原文,当前主要表述为“现代诗人、政治家，曾游景德镇并以诗记录当地制瓷技艺与劳动。”；已有链接未给出足够直接论据来补具体年代、作品或地方经历。保留该主题，缺直接材料时不据相关概述扩大叙述。,4,d19d47f011df87ae76857e2f0f2ee61906f85c0c9a101e1546c87d9e1211ba10
瓷土加工,porcelain-clay-processing,工艺,P3,保持原文,保持原文,保持当前生产内容，无数据库差异,已发布正文有主题解释与资料边界，未发现本轮可证必须改写的问题；保留正式稿，不把未发现错误称为全部史实已核验。,5,eebd97c5cc5db3667eec4593e369fe24fd62806689e099da6d94898fc1cc3270
雍正仿钧新紫釉天球瓶,tang-ying-jun-vase,器物,P1,修订正文,修订正文；修正来源；修正资料字段,有依据的待批准稿已准备；生产未修改,替换“连接节点”式说明，明确对象编号和督陶管理关系。,4,416437f41f118b720189f22927690fc21f55faa493460e076379770f4ee37297
《景德镇市志》建置志等地方志资料,r07,文献,P3,保持原文,保持原文,保持当前生产内容，无数据库差异,按当前主题/书目入口检查，既有内容可保留；没有充分新增证据支持必要改写，不为长度扩写。,4,36fb6293f982dfc2c214775ade3a053ad0bc2426373310fbc9e6c3a06ddc13df
朝鲜王朝陶瓷,joseon-ceramics,窑址,P1,待核保留,待核保留,有限研究已结束，缺证据项归档；保持生产原文,朝鲜王朝陶瓷需当地馆藏、考古或机构史资料；UNESCO5806主要是浙江青瓷遗址及部分东亚影响比较，不足以核验此条完整历史。保留现记录待核，不借越窑/龙泉纪年补其身份或工艺。,4,795f6bf6de384f129864cb84dd190b77e9ca64fd319d15d28960eae9ce433acf
《江西景德镇御窑厂遗址西北角外围明清民窑遗存考古简报》,r34,文献,P3,保持原文,保持原文,保持当前生产内容，无数据库差异,按当前主题/书目入口检查，既有内容可保留；没有充分新增证据支持必要改写，不为长度扩写。,4,609743a9a078cbc94163cc38fcfc1c5778da28b1e59fa55f1530b6187d799bf3
景德镇仿哥釉,ge-type-imitation,器物,P2,待核保留,待核保留,有限研究已结束，缺证据项归档；保持生产原文,当前主要表述为“仿哥釉是清代景德镇仿古瓷研究的一个类型。”；已有链接未给出足够直接论据来补具体年代、作品或地方经历。保留该主题，缺直接材料时不据相关概述扩大叙述。,4,c5df6e0fa81127edc105c33b6d8542b504366001442df8e90e8db4b432ea7e03
《宋代景德镇青白瓷的历史分期及其特征》,r09,文献,P3,保持原文,保持原文,保持当前生产内容，无数据库差异,已发布正文有主题解释与资料边界，未发现本轮可证必须改写的问题；保留正式稿，不把未发现错误称为全部史实已核验。,5,b0a0310032ba2a863e39516a09e041171f8fc3bab482e7af3805bbf3f630d0a6
《粉彩瓷与无毒粉彩颜料的研究》,r28,文献,P3,保持原文,保持原文,保持当前生产内容，无数据库差异,已发布正文有主题解释与资料边界，未发现本轮可证必须改写的问题；保留正式稿，不把未发现错误称为全部史实已核验。,5,ef883b9c888c267bc03effe3f6cba4f25ef8d19780261c540dec8fac78a686a0
釉里红,underglaze-red,器物,P1,修订正文,修订正文；修正来源,有依据的待批准稿已准备；生产未修改,纠正釉里红与铜红釉的混称，并限定鉴定边界。,4,c91d052624560a4117264a95b919fad275c3183fbb26a5669d26228fecee34f7
宣德青花,xuande-bluewhite,器物,P2,待核保留,待核保留,有限研究已结束，缺证据项归档；保持生产原文,当前主要表述为“宣德时期青花是明代早期景德镇高水平器物的代表研究对象。”；已有链接未给出足够直接论据来补具体年代、作品或地方经历。保留该主题，缺直接材料时不据相关概述扩大叙述。,4,521f14d2242934b8d3fe5ef9787b04f102df2ef66c2304714b2024db5eacf586
《景德镇清代釉上彩瓷器的文化故事》,r27,文献,P3,保持原文,保持原文,保持当前生产内容，无数据库差异,按当前主题/书目入口检查，既有内容可保留；没有充分新增证据支持必要改写，不为长度扩写。,4,c33271f807049603ae56fee30a975d8d78b01338d22493c6f11ca9f9d11f28be
伊斯兰世界陶瓷,islamic-ceramics,窑址,P1,待核保留,待核保留,有限研究已结束，缺证据项归档；保持生产原文,伊斯兰世界陶瓷需当地馆藏、考古或机构史资料；UNESCO5806主要是浙江青瓷遗址及部分东亚影响比较，不足以核验此条完整历史。保留现记录待核，不借越窑/龙泉纪年补其身份或工艺。,5,930a073371e0bed49b6c9bb63a07c41820716d3da5e79531681612627123391a
王锡良,wang-xiliang,人物,P3,保持原文,保持原文,保持当前生产内容，无数据库差异,已发布正文有主题解释与资料边界，未发现本轮可证必须改写的问题；保留正式稿，不把未发现错误称为全部史实已核验。,5,11b42c76dbd80879e85f267633a89ad640314b4c391e4e7947bce90a5fd75ce0
德化窑,dehua-kiln,窑址,P1,修订正文,修订正文；修正来源,有依据的待批准稿已准备；生产未修改,以实物记录替换失效文档，删除未经限定的“长期参与海外贸易”概括；不由单件造像外推贸易。,4,384e45d2558d76be68e6e05e084a844ceaa51c812aed8eb17e023119e8c07efa
漳州窑,zhangzhou-kiln,窑址,P1,待核保留,待核保留,有限研究已结束，缺证据项归档；保持生产原文,漳州窑需当地馆藏、考古或机构史资料；UNESCO5806主要是浙江青瓷遗址及部分东亚影响比较，不足以核验此条完整历史。保留现记录待核，不借越窑/龙泉纪年补其身份或工艺。,4,afaf9a725726a0f5273e31180b23e4995a01c0be094e02a08aa7b843de3a44d8
东南亚陶瓷,southeast-asia-ceramics,窑址,P1,待核保留,待核保留,有限研究已结束，缺证据项归档；保持生产原文,东南亚陶瓷需当地馆藏、考古或机构史资料；UNESCO5806主要是浙江青瓷遗址及部分东亚影响比较，不足以核验此条完整历史。保留现记录待核，不借越窑/龙泉纪年补其身份或工艺。,4,5d05ac4db2fc0c929995d0277e7260207291ed609949ae7ee5afec5c97e3fbac
焦潭柴窑燃料生产区,jiaotan-firewood,窑址,P3,保持原文,保持原文,保持当前生产内容，无数据库差异,按当前主题/书目入口检查，既有内容可保留；没有充分新增证据支持必要改写，不为长度扩写。,4,cadee8c8b395fb2bd39dce0dff896b1de8b0b401fe93a8e970dc64ec83c788cd
青白瓷,qingbai-porcelain,器物,P3,保持原文,保持原文,保持当前生产内容，无数据库差异,主题解释、湖田比较与证据界限已有正文；R01/R09/R10为现有书目入口，不把书目列表等同读过考古全文。没有必要因字数再改写。,3,7e32c6bcbd319b85cd651196146a5a777e1fc6e2682dbe4cdf29484c2ab08361
乾隆御题诗文瓶,qianlong-poem-vase,器物,P0,修订正文,修订正文；修正来源；待核保留,有依据的待批准稿已准备；生产未修改,原文宣称具体馆藏却没有对象编号；共用引用指向别物。仅撤回无法支撑的对象绑定并清楚提示待核，不指定相似藏品。,4,1184a4308b0c1a37e85d29f1c2c12b7905ac5256631fbed274101c430a097cd8
国家级非物质文化遗产代表性项目“景德镇手工制瓷技艺”,r19,文献,P3,保持原文,保持原文,保持当前生产内容，无数据库差异,已发布正文有主题解释与资料边界，未发现本轮可证必须改写的问题；保留正式稿，不把未发现错误称为全部史实已核验。,5,2764eef392eda127f3e64159415ff831aafcd6fe457bf2309a78ecd96ad5cc3b
《1949～1966年景德镇陶瓷科技文献比较研究》,r20,文献,P3,保持原文,保持原文,保持当前生产内容，无数据库差异,已发布正文有主题解释与资料边界，未发现本轮可证必须改写的问题；保留正式稿，不把未发现错误称为全部史实已核验。,5,4796c0bca2e124e148523dd7ce53d1815e5bb268158912ecee20da15ce3bd12f
《改革开放以来景德镇薄胎瓷工艺的发展演变及其特点》,r21,文献,P3,保持原文,保持原文,保持当前生产内容，无数据库差异,已发布正文有主题解释与资料边界，未发现本轮可证必须改写的问题；保留正式稿，不把未发现错误称为全部史实已核验。,5,b7c233c56e00e30b0eef6b2c1bc106d42f5eb3017944f85f25f46d56581452f1
《“器成天下走”：外销瓷与海上丝绸之路》,r18,文献,P3,保持原文,保持原文,保持当前生产内容，无数据库差异,按当前主题/书目入口检查，既有内容可保留；没有充分新增证据支持必要改写，不为长度扩写。,4,e2103f41daab0c6f30ff66e48406fa929250ad550cce0b1a34ea257c4eaa9c16
《景德镇陶录》,jingdezhen-taolu,文献,P3,保持原文,保持原文,保持当前生产内容，无数据库差异,已发布正文有主题解释与资料边界，未发现本轮可证必须改写的问题；保留正式稿，不把未发现错误称为全部史实已核验。,5,6f0c2f83892f0307459e8b766cefbd827ea2f1ad31a9a8a1ace2aeb24b14a051
石湾窑,shiwan-kiln,窑址,P1,待核保留,待核保留,有限研究已结束，缺证据项归档；保持生产原文,石湾窑需当地馆藏、考古或机构史资料；UNESCO5806主要是浙江青瓷遗址及部分东亚影响比较，不足以核验此条完整历史。保留现记录待核，不借越窑/龙泉纪年补其身份或工艺。,4,3227cdaf8647aa619b6ce208d110d2ee01590b0c7036ad00da662234e89b32b5
越窑·上林湖,yue-kiln,窑址,P2,保持原文,保持原文,保持当前生产内容，无数据库差异,UNESCO5806直接讨论上林湖等浙江青瓷遗址，来源主题匹配；保留不移用其纪年到湖田。,4,663072284cd9663c9a0dd7b173163445d1c3500ef7cb729071117a61c8236c2d
《景德镇陶瓷文化生态保护区总体规划（2021—2035年）》,r22,文献,P3,保持原文,保持原文,保持当前生产内容，无数据库差异,按当前主题/书目入口检查，既有内容可保留；没有充分新增证据支持必要改写，不为长度扩写。,4,deac90f99fc5e77a60064dd01153297219a0721ae2bae8cb99a70236d670aac8
长沙窑,changsha-kiln,窑址,P1,待核保留,待核保留,有限研究已结束，缺证据项归档；保持生产原文,长沙窑需当地馆藏、考古或机构史资料；UNESCO5806主要是浙江青瓷遗址及部分东亚影响比较，不足以核验此条完整历史。保留现记录待核，不借越窑/龙泉纪年补其身份或工艺。,4,b397dfa902ed0d5b3f093e2569866d6f354a41a21492d495b087ab8c2677178a
2026：景德镇手工瓷业遗存,unesco-2026,历史,P3,保持原文,保持原文,保持当前生产内容，无数据库差异,已发布正文有主题解释与资料边界，未发现本轮可证必须改写的问题；保留正式稿，不把未发现错误称为全部史实已核验。,5,296246d52fe7801f715cfec039d5d535f2ebf07c42e999ce9b905803c0e465be
《陶成纪事碑记》,tao-cheng-jishi,文献,P3,保持原文,保持原文,保持当前生产内容，无数据库差异,按当前主题/书目入口检查，既有内容可保留；没有充分新增证据支持必要改写，不为长度扩写。,4,388e5cd4fff41d73c14c27dc1ab6969c24b5330e46fe69483d72da3a4b732420
彭真,peng-zhen,人物,P2,待核保留,待核保留,有限研究已结束，缺证据项归档；保持生产原文,当前主要表述为“曾为景德镇国际陶瓷节题词。”；已有链接未给出足够直接论据来补具体年代、作品或地方经历。保留该主题，缺直接材料时不据相关概述扩大叙述。,4,ba8721414a0c7662776c329beab5caf5c5b50f329d189117268062230d91a9f0
醴陵窑,liling-kiln,窑址,P1,待核保留,待核保留,有限研究已结束，缺证据项归档；保持生产原文,醴陵窑需当地馆藏、考古或机构史资料；UNESCO5806主要是浙江青瓷遗址及部分东亚影响比较，不足以核验此条完整历史。保留现记录待核，不借越窑/龙泉纪年补其身份或工艺。,4,216ffa9b827c92e6df3ca2f13f3f11d4949b1e901923b278c13e200796de73d6
童宾,tong-bin,人物,P2,待核保留,待核保留,有限研究已结束，缺证据项归档；保持生产原文,现正文把献身故事写为事件；已保存二手/地方报道不足以辨别传说与史实。需地方志原文、祭祀研究或遗址档案，不确认献身细节。,5,66bfcd66b03bada4db843f235a4e16d47ea132e8c4d38a0c7bd1f5a36569d0ea
郎窑红,langyao-red,器物,P3,保持原文,保持原文,保持当前生产内容，无数据库差异,已发布正文有主题解释与资料边界，未发现本轮可证必须改写的问题；保留正式稿，不把未发现错误称为全部史实已核验。,5,566b60259f5ea5efa478642bd24486c65aa0871e6f2dd2733b8e182006147c2f
王步,wang-bu,人物,P3,保持原文,保持原文,保持当前生产内容，无数据库差异,按当前主题/书目入口检查，既有内容可保留；没有充分新增证据支持必要改写，不为长度扩写。,4,dcc533802fe426f2eea2318a69b15e30c072d076ce1c58a1a53fd501c03d905e
刘远长,liu-yuanchang,人物,P3,保持原文,保持原文,保持当前生产内容，无数据库差异,已发布正文有主题解释与资料边界，未发现本轮可证必须改写的问题；保留正式稿，不把未发现错误称为全部史实已核验。,5,59d87da5782e8f5397196b2ef5555e7d66683e1d6f6bd15d3d524d6b2e1c2fdd
秦锡麟,qin-xilin,人物,P3,保持原文,保持原文,保持当前生产内容，无数据库差异,已发布正文有主题解释与资料边界，未发现本轮可证必须改写的问题；保留正式稿，不把未发现错误称为全部史实已核验。,5,a13a27bf74bd90c667525c45c19fae7c17057ab8fd9dfc388a4f93bf79193105
汝窑·清凉寺,ru-kiln,窑址,P1,待核保留,待核保留,有限研究已结束，缺证据项归档；保持生产原文,汝窑·清凉寺需当地馆藏、考古或机构史资料；UNESCO5806主要是浙江青瓷遗址及部分东亚影响比较，不足以核验此条完整历史。保留现记录待核，不借越窑/龙泉纪年补其身份或工艺。,4,09b11fa3611ee73bcf8dbd8cb1bcf77f8006d2764b98644b235fb5f5ac9aa4bd
元青花折枝花纹八棱瓶,yuan-blue-and-white-vase,器物,P3,保持原文,保持原文,保持当前生产内容，无数据库差异,Met42491对象已独立编目；保持器形/产地与单件范围，不混用Met42490，不扩写全球技术迁移。,4,a6cd0fd2f00015e4e1996bfa964e3d5a62a496823e8274b13b8c0a59fb89294a
《中国瓷都·景德镇市瓷业志》,r08,文献,P3,保持原文,保持原文,保持当前生产内容，无数据库差异,按当前主题/书目入口检查，既有内容可保留；没有充分新增证据支持必要改写，不为长度扩写。,4,311b69645d3a1352a3593ed7447d10b54a8f41fe1274b58f00e671d157aa3d57
斗彩,doucai-porcelain,器物,P1,修订正文,修订正文；修正来源,有依据的待批准稿已准备；生产未修改,以工艺顺序解释品类，加入真实对象参照。,4,5a442b2265777beab5ce029faadb2a6c698721c5f0af834b6ac1ccfa480cb2fb
五彩瓷,wucai,器物,P1,待核保留,待核保留,有限研究已结束，缺证据项归档；保持生产原文,现有三篇概述没有对五彩各时期的彩层组合给出直接定义；鸡缸杯记录是斗彩，不能借用来修订五彩。保留待核，需五彩对象medium及专业分类说明。,4,84578518254135da276342f3807efa9121815120bae22acc8070c0d734758f39
釉上彩,overglaze-enamels,工艺,P3,保持原文,保持原文,保持当前生产内容，无数据库差异,已发布正文有主题解释与资料边界，未发现本轮可证必须改写的问题；保留正式稿，不把未发现错误称为全部史实已核验。,5,5547671e9f962301726dacdc930205b2fbb1e4ac1eeebb772931c22b082db1bf
粉彩装饰技术,fencai-technique,工艺,P3,保持原文,保持原文,保持当前生产内容，无数据库差异,已发布正文有主题解释与资料边界，未发现本轮可证必须改写的问题；保留正式稿，不把未发现错误称为全部史实已核验。,5,6e24e864ce0b17e60c179ff874a4a5f98b1db4b87e9ca55a656c02158cf27b75
梅森瓷器,meissen-porcelain,窑址,P3,保持原文,保持原文,保持当前生产内容，无数据库差异,已发布正文有主题解释与资料边界，未发现本轮可证必须改写的问题；保留正式稿，不把未发现错误称为全部史实已核验。,5,86d2443a6e34b6e7b5a07e31e8b30b301ff35ca057ee209d0ffbda65b3081082
西亚陶瓷,west-asia-ceramics,窑址,P1,待核保留,待核保留,有限研究已结束，缺证据项归档；保持生产原文,西亚陶瓷需当地馆藏、考古或机构史资料；UNESCO5806主要是浙江青瓷遗址及部分东亚影响比较，不足以核验此条完整历史。保留现记录待核，不借越窑/龙泉纪年补其身份或工艺。,4,a0c3d2be67d2daa3e1f2bff329d74cd882cf6f9afa3be62570312f5a90f58f5c
宣德青花龙纹盘,xuande-blue-and-white-dish,器物,P2,待核保留,待核保留,有限研究已结束，缺证据项归档；保持生产原文,与xuande-dragon-dish同名但未见共同馆藏号；不能认定为重复实物，保持两个slug和关系。此条亦须原始对象/品类定义，不自动合并。,4,20877d2495fa3e082e808d6129e671dc7ccc6cd3883e37b683a20b01fcdf7957
《明清景德镇御窑厂遗址考古价值阐释刍议》,r33,文献,P3,保持原文,保持原文,保持当前生产内容，无数据库差异,按当前主题/书目入口检查，既有内容可保留；没有充分新增证据支持必要改写，不为长度扩写。,4,3e7309a7ed55f4c8654e860096d10c809ec6f1a5159adb69542721997c42d491
《宋代湖田窑青白瓷历史和发展脉络的考察研究》,r10,文献,P3,保持原文,保持原文,保持当前生产内容，无数据库差异,已发布正文有主题解释与资料边界，未发现本轮可证必须改写的问题；保留正式稿，不把未发现错误称为全部史实已核验。,5,23a4a57a2394554bdff7f769b0e47399bb886446f42ba229e35fb797c205fc84
《景德镇陶瓷科学技术史研究的发展与展望》,r12,文献,P3,保持原文,保持原文,保持当前生产内容，无数据库差异,已发布正文有主题解释与资料边界，未发现本轮可证必须改写的问题；保留正式稿，不把未发现错误称为全部史实已核验。,5,80847cfd9d8fcf8f6a874292169a54ba159f966c30582df89c069137ea512e50
《“文化交流”视域下宋代景德镇青白瓷研究》,r35,文献,P3,保持原文,保持原文,保持当前生产内容，无数据库差异,已发布正文有主题解释与资料边界，未发现本轮可证必须改写的问题；保留正式稿，不把未发现错误称为全部史实已核验。,5,45444db7029c79ecb12a137466dafb69a6c3d200fa519bba55384c2a7fbf8679
明代御窑青花,ming-imperial-bluewhite,器物,P2,待核保留,待核保留,有限研究已结束，缺证据项归档；保持生产原文,当前主要表述为“明代御窑青花是研究宫廷生产和景德镇技术的重要对象。”；已有链接未给出足够直接论据来补具体年代、作品或地方经历。保留该主题，缺直接材料时不据相关概述扩大叙述。,4,2c4d75dfa49088da69c66984090dcef154bcf9c2186793c1b6fbeba41ab31c7d
《宋元景德镇窑青白瓷人物造像技艺研究》,r15,文献,P3,保持原文,保持原文,保持当前生产内容，无数据库差异,已发布正文有主题解释与资料边界，未发现本轮可证必须改写的问题；保留正式稿，不把未发现错误称为全部史实已核验。,5,c1355dca786f4dcc64a9e2b52b857d09a19573bf031a0e79bcca2848e6d16a9c
《明代早期景德镇御窑青花瓷器的初步研究》,r16,文献,P3,保持原文,保持原文,保持当前生产内容，无数据库差异,按当前主题/书目入口检查，既有内容可保留；没有充分新增证据支持必要改写，不为长度扩写。,4,ebaaf6409cbf53a6bc0c538465c5215b32864da02d0ff0537ee2c5fd39174fae
陶瓷行会与行业组织,ceramic-guilds,历史,P2,修订正文,修订正文；修正来源,有依据的待批准稿已准备；生产未修改,以对应生产/组织资料补足主题解释，限定档案不足部分。,4,e249c0729af76d06b356336b8290bed47b02527980df2c0dc9b4a88c5909148c
民窑精品生产,private-kiln-high-end,历史,P2,待核保留,待核保留,有限研究已结束，缺证据项归档；保持生产原文,当前主要表述为“明清时期民窑也存在高质量产品，值得结合馆藏与市场史研究。”；已有链接未给出足够直接论据来补具体年代、作品或地方经历。保留该主题，缺直接材料时不据相关概述扩大叙述。,4,49c4e35544e6988274a417238c81398050cf6427562290029f6a805fadd00cd7
《景德镇传统陶瓷坯体“一元”配方研究》,r13,文献,P3,保持原文,保持原文,保持当前生产内容，无数据库差异,已发布正文有主题解释与资料边界，未发现本轮可证必须改写的问题；保留正式稿，不把未发现错误称为全部史实已核验。,5,767a1b6a47a8acbcff40beb38c7c44f6a4d7f8496da3f205d2e1397d275e3c9f
窑业废弃物,kiln-waste,全球,P3,保持原文,保持原文,保持当前生产内容，无数据库差异,已发布正文有主题解释与资料边界，未发现本轮可证必须改写的问题；保留正式稿，不把未发现错误称为全部史实已核验。,5,886d04637d6098a57899a3fde829afedbc6e583983df3a588915c48d3a3adf4c
《清代官窑祭红釉瓷的釉层结构及其对呈色的影响》,r30,文献,P3,保持原文,保持原文,保持当前生产内容，无数据库差异,已发布正文有主题解释与资料边界，未发现本轮可证必须改写的问题；保留正式稿，不把未发现错误称为全部史实已核验。,5,b3dc2b125609947217bc0b0f965e6b9e0b499f3caa67095a0db2b163ab1d5894
昌南镇与景德镇早期瓷业,changnan-town,历史,P1,待核保留,待核保留,有限研究已结束，缺证据项归档；保持生产原文,正文及摘要仍未解释名称沿革；已有遗产与生产概述不足以支持东晋、唐代建置，先保留，不写China词源故事。,4,1d0e2ecb98857b786266b25d2145ec12245406499fc7ef9733fe592eaa8e38ea
《改良陶业 创办中国陶业学堂》,r32,文献,P3,保持原文,保持原文,保持当前生产内容，无数据库差异,已发布正文有主题解释与资料边界，未发现本轮可证必须改写的问题；保留正式稿，不把未发现错误称为全部史实已核验。,5,2e15b4c9929987603cfc3fcc809e6a889532c94ed6337519fea60e1fe2eb3022
《景德镇青白瓷“半刀泥”装饰刻花技艺活态传承研究》,r14,文献,P3,保持原文,保持原文,保持当前生产内容，无数据库差异,已发布正文有主题解释与资料边界，未发现本轮可证必须改写的问题；保留正式稿，不把未发现错误称为全部史实已核验。,5,be2f176b75aa5450d84b6746d0cf2ced9c885dbedeabd3206076ebb242ac4a03
《清代初期高温铜红釉烧造工艺及特点》,r31,文献,P3,保持原文,保持原文,保持当前生产内容，无数据库差异,按当前主题/书目入口检查，既有内容可保留；没有充分新增证据支持必要改写，不为长度扩写。,4,faf3b13233f5207ff3587df01a823115cd556749854277c0cb448f5218e20492
《北宋“景德年制”瓷器款识新考》,r17,文献,P3,保持原文,保持原文,保持当前生产内容，无数据库差异,按当前主题/书目入口检查，既有内容可保留；没有充分新增证据支持必要改写，不为长度扩写。,4,cfce9aac58f2827a1115bcc6e9af1ce2097b64bd168aaee74d6f4484811680d8
代尔夫特陶器与中国瓷器,delft-jingdezhen,全球,P1,待核保留,待核保留,有限研究已结束，缺证据项归档；保持生产原文,已读青花贸易专题没有足以证明某件代尔夫特器的胎釉及原型对应。原共用杯/盘是中国瓷，不能证明荷兰当地陶器技术。缺当地实物/博物馆材料，保留待核。,4,8704c90d1ca399d83dad300cce6972e6e54bfbd5deed6f1b37bd669a7d38d6ac
